id	name	formula	charge	compartment	kegg_id
4fe4s	[4Fe-4S] iron-sulfur cluster	S4Fe4	2	Cytosol	C00824
2fe2s	[2Fe-2S] iron-sulfur cluster	S2Fe2	2	Cytosol	C00824
octapb	octanoate (protein bound)	C8H15O	1	Cytosol	C06423
lipopb	lipoate (protein bound)	C8H13OS2	1	Cytosol	C00725
oxadpcoa	3-Oxoadipyl-CoA	C27H37N7O20P3S	-5	Cytosol	C02232
10fthf	10-Formyltetrahydrofolate	C20H21N7O7	-2	Cytosol	C00234
12dgr120	1,2-Diacyl-sn-glycerol (didodecanoyl, n-C12:0)	C27H52O5	0	Cytosol, Periplasm	C00641
12dgr140	1,2-Diacyl-sn-glycerol (ditetradecanoyl, n-C14:0)	C31H60O5	0	Cytosol, Periplasm	C00641
12dgr141	1,2-Diacyl-sn-glycerol (ditetradec-7-enoyl, n-C14:1)	C31H56O5	0	Cytosol, Periplasm	C00641
12dgr160	1,2-Diacyl-sn-glycerol (dihexadecanoyl, n-C16:0)	C35H68O5	0	Cytosol, Periplasm	C00641
12dgr161	1,2-Diacyl-sn-glycerol (dihexadec-9-enoyl, n-C16:1)	C35H64O5	0	Cytosol, Periplasm	C00641
12dgr180	1,2-Diacyl-sn-glycerol (dioctadecanoyl, n-C18:0)	C39H76O5	0	Cytosol, Periplasm	C00641
12dgr181	1,2-Diacyl-sn-glycerol (dioctadec-11-enoyl, n-C18:1)	C39H72O5	0	Cytosol, Periplasm	C00641
12ppd_R	(R)-Propane-1,2-diol	C3H8O2	0	Extra-organism, Cytosol, Periplasm	C02912
12ppd_S	(S)-Propane-1,2-diol	C3H8O2	0	Extra-organism, Cytosol, Periplasm	C02917
13dpg	3-Phospho-D-glyceroyl phosphate	C3H4O10P2	-4	Cytosol	C00236
14glucan	1,4-alpha-D-glucan	C36H62O31	0	Extra-organism, Cytosol, Periplasm	C00718
15dap	1,5-Diaminopentane	C5H16N2	2	Extra-organism, Cytosol, Periplasm	C01672
1ddecg3p	1-dodecanoyl-sn-glycerol 3-phosphate	C15H29O7P1	-2	Cytosol, Periplasm	C00681
1hdec9eg3p	1-hexadec-9-enoyl-sn-glycerol 3-phosphate	C19H35O7P1	-2	Cytosol, Periplasm	C00681
1hdecg3p	1-hexadecanoyl-sn-glycerol 3-phosphate	C19H37O7P1	-2	Cytosol, Periplasm	C00681
1odec11eg3p	1-octadec-11-enoyl-sn-glycerol 3-phosphate	C21H39O7P1	-2	Cytosol, Periplasm	C00681
1odecg3p	1-octadecanoyl-sn-glycerol 3-phosphate	C21H41O7P1	-2	Cytosol, Periplasm	C00681
1pyr5c	1-Pyrroline-5-carboxylate	C5H6NO2	-1	Cytosol	C03912
1tdec7eg3p	1-tetradec-7-enoyl-sn-glycerol 3-phosphate	C17H31O7P1	-2	Cytosol, Periplasm	C00681
1tdecg3p	1-tetradecanoyl-sn-glycerol 3-phosphate	C17H33O7P1	-2	Cytosol, Periplasm	C00681
23dappa	2,3-diaminopropionate	C3H9N2O2	1	Extra-organism, Cytosol, Periplasm	C06393
23ddhb	2,3-Dihydro-2,3-dihydroxybenzoate	C7H7O4	-1	Cytosol	C04171
23dhb	2,3-Dihydroxybenzoate	C7H5O4	-1	Cytosol	C00196
23dhba	(2,3-Dihydroxybenzoyl)adenylate	C17H17N5O10P	-1	Cytosol	C04030
23dhbzs	2,3-dihydroxybenzoylserine	C10H10NO6	-1	Cytosol	
23dhdp	2,3-Dihydrodipicolinate	C7H5NO4	-2	Cytosol	C03340
23dhmb	(R)-2,3-Dihydroxy-3-methylbutanoate	C5H9O4	-1	Cytosol	C04272
23dhmp	(R)-2,3-Dihydroxy-3-methylpentanoate	C6H11O4	-1	Cytosol	C06007
23doguln	2,3-Dioxo-L-gulonate	C6H7O7	-1	Cytosol	C04575
25aics	(S)-2-[5-Amino-1-(5-phospho-D-ribosyl)imidazole-4-carboxamido]succinate	C13H15N4O12P	-4	Cytosol	C04823
25dkglcn	2,5-diketo-D-gluconate	C6H7O7	-1	Cytosol	C02780
25drapp	2,5-Diamino-6-(ribosylamino)-4-(3H)-pyrimidinone 5'-phosphate	C9H14N5O8P	-2	Cytosol	C01304
26dap_LL	LL-2,6-Diaminoheptanedioate	C7H14N2O4	0	Cytosol	C00666
26dap_M	meso-2,6-Diaminoheptanedioate	C7H14N2O4	0	Extra-organism, Cytosol, Periplasm	C00680
2agpe120	2-Acyl-sn-glycero-3-phosphoethanolamine (n-C12:0)	C17H36NO7P1	0	Cytosol, Periplasm	C05973
2agpe140	2-Acyl-sn-glycero-3-phosphoethanolamine (n-C14:0)	C19H40NO7P1	0	Cytosol, Periplasm	C05973
2agpe141	2-Acyl-sn-glycero-3-phosphoethanolamine (n-C14:1)	C19H38NO7P1	0	Cytosol, Periplasm	C05973
2agpe160	2-Acyl-sn-glycero-3-phosphoethanolamine (n-C16:0)	C21H44NO7P1	0	Cytosol, Periplasm	C05973
2agpe161	2-Acyl-sn-glycero-3-phosphoethanolamine (n-C16:1)	C21H42NO7P1	0	Cytosol, Periplasm	C05973
2agpe180	2-Acyl-sn-glycero-3-phosphoethanolamine (n-C18:0)	C23H48NO7P1	0	Cytosol, Periplasm	C05973
2agpe181	2-Acyl-sn-glycero-3-phosphoethanolamine (n-C18:1)	C23H46NO7P1	0	Cytosol, Periplasm	C05973
2agpg120	2-Acyl-sn-glycero-3-phosphoglycerol (n-C12:0)	C18H36O9P1	-1	Cytosol, Periplasm	
2agpg140	2-Acyl-sn-glycero-3-phosphoglycerol (n-C14:0)	C20H40O9P1	-1	Cytosol, Periplasm	
2agpg141	2-Acyl-sn-glycero-3-phosphoglycerol (n-C14:1)	C20H38O9P1	-1	Cytosol, Periplasm	
2agpg160	2-Acyl-sn-glycero-3-phosphoglycerol (n-C16:0)	C22H44O9P1	-1	Cytosol, Periplasm	
2agpg161	2-Acyl-sn-glycero-3-phosphoglycerol (n-C16:1)	C22H42O9P1	-1	Cytosol, Periplasm	
2agpg180	2-Acyl-sn-glycero-3-phosphoglycerol (n-C18:0)	C24H48O9P1	-1	Cytosol, Periplasm	
2agpg181	2-Acyl-sn-glycero-3-phosphoglycerol (n-C18:1)	C24H46O9P1	-1	Cytosol, Periplasm	
2ahbut	(S)-2-Aceto-2-hydroxybutanoate	C6H9O4	-1	Cytosol	C06006
2amsa	2-Aminomalonate semialdehyde	C3H5NO3	0	Cytosol	C11822
2aobut	L-2-Amino-3-oxobutanoate	C4H7NO3	0	Cytosol	C03508
2cpr5p	1-(2-Carboxyphenylamino)-1-deoxy-D-ribulose 5-phosphate	C12H13NO9P	-3	Cytosol	C01302
2dda7p	2-Dehydro-3-deoxy-D-arabino-heptonate 7-phosphate	C7H10O10P	-3	Cytosol	C04691
2ddecg3p	2-dodecanoyl-sn-glycerol 3-phosphate	C15H30O7P1	-1	Cytosol, Periplasm	C03974
2ddg6p	2-Dehydro-3-deoxy-D-gluconate 6-phosphate	C6H8O9P	-3	Cytosol	C04442
2ddglcn	2-Dehydro-3-deoxy-D-gluconate	C6H9O6	-1	Extra-organism, Cytosol, Periplasm	C00204
2dh3dgal	2-Dehydro-3-deoxy-D-galactonate	C6H9O6	-1	Cytosol	C01216
2dh3dgal6p	2-Dehydro-3-deoxy-D-galactonate 6-phosphate	C6H8O9P	-3	Cytosol	C01286
2dhglcn	2-Dehydro-D-gluconate	C6H9O7	-1	Cytosol	C00629
2dhguln	2-Dehydro-L-gulonate	C6H9O7	-1	Cytosol	C06473
2dhp	2-Dehydropantoate	C6H9O4	-1	Cytosol	C00966
2dmmq8	2-Demethylmenaquinone 8	C50H70O2	0	Cytosol	C05818
2dmmql8	2-Demethylmenaquinol 8	C50H72O2	0	Cytosol	
2dr1p	2-Deoxy-D-ribose 1-phosphate	C5H9O7P	-2	Cytosol	C00672
2dr5p	2-Deoxy-D-ribose 5-phosphate	C5H9O7P	-2	Cytosol	C00673
2h3oppan	2-Hydroxy-3-oxopropanoate	C3H3O4	-1	Cytosol	C01146
2hdec9eg3p	2-hexadec-9-enoyl-sn-glycerol 3-phosphate	C19H36O7P1	-1	Cytosol, Periplasm	C03974
2hdecg3p	2-hexadecanoyl-sn-glycerol 3-phosphate	C19H38O7P1	-1	Cytosol, Periplasm	C03974
2ippm	2-Isopropylmaleate	C7H8O4	-2	Cytosol	C02631
2kmb	2-keto-4-methylthiobutyrate	C5H7O3S	-1	Cytosol	
2mahmp	2-Methyl-4-amino-5-hydroxymethylpyrimidine diphosphate	C6H8N3O7P2	-3	Cytosol	C04752
2mcacn	cis-2-Methylaconitate	C7H5O6	-3	Cytosol	C04225
2mcit	2-Methylcitrate	C7H7O7	-3	Cytosol	C02225
2me4p	2-C-methyl-D-erythritol 4-phosphate	C5H11O7P	-2	Cytosol	C11434
2mecdp	2-C-methyl-D-erythritol 2,4-cyclodiphosphate	C5H10O9P2	-2	Cytosol	C11453
2obut	2-Oxobutanoate	C4H5O3	-1	Cytosol	C00109
2odec11eg3p	2-octadec-11-enoyl-sn-glycerol 3-phosphate	C21H40O7P1	-1	Cytosol, Periplasm	C03974
2odecg3p	2-octadecanoyl-sn-glycerol 3-phosphate	C21H42O7P1	-1	Cytosol, Periplasm	C03974
2ohph	2-Octaprenyl-6-hydroxyphenol	C46H70O2	0	Cytosol	C05811
2ombzl	2-Octaprenyl-6-methoxy-1,4-benzoquinol	C47H72O3	0	Cytosol	
2omhmbl	2-Octaprenyl-3-methyl-5-hydroxy-6-methoxy-1,4-benzoquinol	C48H74O4	0	Cytosol	
2ommbl	2-Octaprenyl-3-methyl-6-methoxy- 1,4-benzoquinol	C48H74O3	0	Cytosol	
2omph	2-Octaprenyl-6-methoxyphenol	C47H72O2	0	Cytosol	C05812
2oph	2-Octaprenylphenol	C46H70O	0	Cytosol	C05810
2p4c2me	2-phospho-4-(cytidine 5'-diphospho)-2-C-methyl-D-erythritol	C14H22N3O17P3	-4	Cytosol	C11436
2pg	D-Glycerate 2-phosphate	C3H4O7P	-3	Cytosol	C00631
2pglyc	2-Phosphoglycolate	C2H2O6P	-3	Cytosol	C00988
2shchc	2-Succinyl-6-hydroxy-2,4-cyclohexadiene-1-carboxylate	C11H10O6	-2	Cytosol	C05817
2tdec7eg3p	2-tetradec-7-enoyl-sn-glycerol 3-phosphate	C17H32O7P1	-1	Cytosol, Periplasm	C03974
2tdecg3p	2-tetradecanoyl-sn-glycerol 3-phosphate	C17H34O7P1	-1	Cytosol, Periplasm	C03974
2tpr3dpcoa	2'-(5''-triphosphoribosyl)-3'-dephospho-CoA	C26H40N7O26P5S	-6	Cytosol	
34hpp	3-(4-Hydroxyphenyl)pyruvate	C9H7O4	-1	Cytosol	C01179
3c2hmp	3-Carboxy-2-hydroxy-4-methylpentanoate	C7H10O5	-2	Cytosol	C04411
3c3hmp	3-Carboxy-3-hydroxy-4-methylpentanoate	C7H10O5	-2	Cytosol	C02504
3c4mop	3-Carboxy-4-methyl-2-oxopentanoate	C7H8O5	-2	Cytosol	C04236
3dhguln	3-Dehydro-L-gulonate	C6H9O7	-1	Cytosol	C00618
3dhgulnp	3-keto-L-gulonate-6-phosphate	C6H8O10P	-3	Cytosol	C14899
3dhq	3-Dehydroquinate	C7H9O6	-1	Cytosol	C00944
3dhsk	3-Dehydroshikimate	C7H7O5	-1	Cytosol	C02637
3haACP	(3R)-3-Hydroxyacyl-[acyl-carrier protein]	C15H27N2O9PRS	-1	Cytosol	C01271
3hadpcoa	(3S)-3-Hydroxyadipyl-CoA	C27H39N7O20P3S	-5	Cytosol	C14145
3hbcoa	(S)-3-Hydroxybutanoyl-CoA	C25H38N7O18P3S	-4	Cytosol	C01144
3hcddec5eACP	(R)-3-hydroxy-cis-dodec-5-enoyl-[acyl-carrier protein]	C23H41N2O9PRS	-1	Cytosol	
3hcinnm	3-hydroxycinnamic acid	C9H7O3	-1	Extra-organism, Cytosol, Periplasm	
3hcmrs7eACP	(R)-3-hydroxy-cis-myristol-7-eoyl-[acyl-carrier protein]	C25H45N2O9PRS	-1	Cytosol	
3hcpalm9eACP	(R)-3-hydroxy-cis-palm-9-eoyl-[acyl-carrier protein]	C27H49N2O9PRS	-1	Cytosol	
3hcvac11eACP	(R)-3-hydroxy-cis-vacc-11-enoyl-[acyl-carrier protein]	C29H53N2O9PRS	-1	Cytosol	
3hdcoa	(S)-3-Hydroxydecanoyl-CoA	C31H50N7O18P3S	-4	Cytosol	C05264
3hddcoa	(S)-3-Hydroxydodecanoyl-CoA	C33H54N7O18P3S	-4	Cytosol	C05262
3hddecACP	(R)-3-Hydroxydodecanoyl-[acyl-carrier protein]	C23H43N2O9PRS	-1	Cytosol	C05757
3hdecACP	(R)-3-Hydroxydecanoyl-[acyl-carrier protein]	C21H39N2O9PRS	-1	Cytosol	C04619
3hhcoa	(S)-3-Hydroxyhexanoyl-CoA	C27H42N7O18P3S	-4	Cytosol	C05268
3hhdcoa	(S)-3-Hydroxyhexadecanoyl-CoA	C37H62N7O18P3S	-4	Cytosol	C05258
3hhexACP	(R)-3-Hydroxyhexanoyl-[acyl-carrier protein]	C17H31N2O9PRS	-1	Cytosol	C05747
3hmrsACP	(R)-3-Hydroxytetradecanoyl-[acyl-carrier protein]	C25H47N2O9PRS	-1	Cytosol	C04688
3hocoa	(S)-3-Hydroxyoctanoyl-CoA	C29H46N7O18P3S	-4	Cytosol	C05266
3hoctaACP	(R)-3-Hydroxyoctadecanoyl-[acyl-carrier protein]	C29H55N2O9PRS	-1	Cytosol	C16220
3hoctACP	(R)-3-Hydroxyoctanoyl-[acyl-carrier protein]	C19H35N2O9PRS	-1	Cytosol	C04620
3hodcoa	(S)-3-Hydroxyoctadecanoyl-CoA	C39H66N7O18P3S	-4	Cytosol	C16217
3hpalmACP	R-3-hydroxypalmitoyl-[acyl-carrier protein]	C27H51N2O9PRS	-1	Cytosol	C04633
3hpppn	3-(3-hydroxy-phenyl)propionate	C9H9O3	-1	Extra-organism, Cytosol, Periplasm	C11457
3htdcoa	(S)-3-Hydroxytetradecanoyl-CoA	C35H58N7O18P3S	-4	Cytosol	C05260
3ig3p	C'-(3-Indolyl)-glycerol 3-phosphate	C11H12NO6P	-2	Cytosol	C03506
3mob	3-Methyl-2-oxobutanoate	C5H7O3	-1	Cytosol	C00141
3mop	(S)-3-Methyl-2-oxopentanoate	C6H9O3	-1	Cytosol	C00671
3ocddec5eACP	3-oxo-cis-dodec-5-enoyl-[acyl-carrier protein]	C23H39N2O9PRS	-1	Cytosol	
3ocmrs7eACP	3-oxo-cis-myristol-7-eoyl-[acyl-carrier protein]	C25H43N2O9PRS	-1	Cytosol	
3ocpalm9eACP	3-oxo-cis-palm-9-eoyl-[acyl-carrier protein]	C27H47N2O9PRS	-1	Cytosol	
3ocvac11eACP	3-oxo-cis-vacc-11-enoyl-[acyl-carrier protein]	C29H51N2O9PRS	-1	Cytosol	
3odcoa	3-Oxodecanoyl-CoA	C31H48N7O18P3S	-4	Cytosol	C05265
3oddcoa	3-Oxododecanoyl-CoA	C33H52N7O18P3S	-4	Cytosol	C05263
3oddecACP	3-Oxododecanoyl-[acyl-carrier protein]	C23H41N2O9PRS	-1	Cytosol	C05756
3odecACP	3-Oxodecanoyl-[acyl-carrier protein]	C21H37N2O9PRS	-1	Cytosol	C05753
3ohcoa	3-Oxohexanoyl-CoA	C27H40N7O18P3S	-4	Cytosol	C05269
3ohdcoa	3-Oxohexadecanoyl-CoA	C37H60N7O18P3S	-4	Cytosol	C05259
3ohexACP	3-Oxohexanoyl-[acyl-carrier protein]	C17H29N2O9PRS	-1	Cytosol	C05746
3omrsACP	3-Oxotetradecanoyl-[acyl-carrier protein]	C25H45N2O9PRS	-1	Cytosol	C05759
3oocoa	3-Oxooctanoyl-CoA	C29H44N7O18P3S	-4	Cytosol	C05267
3ooctACP	3-Oxooctanoyl-[acyl-carrier protein]	C19H33N2O9PRS	-1	Cytosol	C05750
3ooctdACP	3-Oxooctadecanoyl-[acyl-carrier protein]	C29H53N2O9PRS	-1	Cytosol	C16219
3oodcoa	3-Oxooctadecanoyl-CoA	C39H64N7O18P3S	-4	Cytosol	C16216
3opalmACP	3-Oxohexadecanoyl-[acyl-carrier protein]	C27H49N2O9PRS	-1	Cytosol	C05762
3ophb	3-Octaprenyl-4-hydroxybenzoate	C47H69O3	-1	Cytosol	C05809
3otdcoa	3-Oxotetradecanoyl-CoA	C35H56N7O18P3S	-4	Cytosol	C05261
3pg	3-Phospho-D-glycerate	C3H4O7P	-3	Cytosol	C00197
3php	3-Phosphohydroxypyruvate	C3H2O7P	-3	Cytosol	C03232
3psme	5-O-(1-Carboxyvinyl)-3-phosphoshikimate	C10H9O10P	-4	Cytosol	C01269
3sala	3-Sulfino-L-alanine	C3H5NO4S	-2	Cytosol	C00606
4abut	4-Aminobutanoate	C4H9NO2	0	Extra-organism, Cytosol, Periplasm	C00334
4abutn	4-Aminobutanal	C4H10NO	1	Cytosol	C00555
4abz	4-Aminobenzoate	C7H6NO2	-1	Cytosol	C00568
4adcho	4-amino-4-deoxychorismate	C10H10NO5	-1	Cytosol	C11355
4ahmmp	4-Amino-5-hydroxymethyl-2-methylpyrimidine	C6H9N3O	0	Cytosol	C01279
4ampm	4-Amino-2-methyl-5-phosphomethylpyrimidine	C6H8N3O4P	-2	Cytosol	C04556
4c2me	4-(cytidine 5'-diphospho)-2-C-methyl-D-erythritol	C14H23N3O14P2	-2	Cytosol	C11435
4h2opntn	4-Hydroxy-2-oxopentanoate	C5H7O4	-1	Cytosol	C03589
4hba	4-Hydroxy-benzyl alcohol	C7H8O2	0	Cytosol	C17467
4hbz	4-Hydroxybenzoate	C7H5O3	-1	Cytosol	C00156
4hthr	4-Hydroxy-L-threonine	C4H9NO4	0	Cytosol	C06056
4mhetz	4-Methyl-5-(2-hydroxyethyl)-thiazole	C6H9NOS	0	Cytosol	C04294
4mop	4-Methyl-2-oxopentanoate	C6H9O3	-1	Cytosol	C00233
4mpetz	4-Methyl-5-(2-phosphoethyl)-thiazole	C6H8NO4PS	-2	Cytosol	C04327
4pasp	4-Phospho-L-aspartate	C4H6NO7P	-2	Cytosol	C03082
4per	4-Phospho-D-erythronate	C4H6O8P	-3	Cytosol	C03393
4ppan	D-4'-Phosphopantothenate	C9H15NO8P	-3	Cytosol	C03492
4ppcys	N-((R)-4-Phosphopantothenoyl)-L-cysteine	C12H20N2O9PS	-3	Cytosol	C04352
4r5au	4-(1-D-Ribitylamino)-5-aminouracil	C9H16N4O6	0	Cytosol	C04732
5aizc	5-amino-1-(5-phospho-D-ribosyl)imidazole-4-carboxylate	C9H11N3O9P	-3	Cytosol	C04751
5aop	5-Amino-4-oxopentanoate	C5H9NO3	0	Cytosol	C00430
5aprbu	5-Amino-6-(5'-phosphoribitylamino)uracil	C9H15N4O9P	-2	Cytosol	C04454
5apru	5-Amino-6-(5'-phosphoribosylamino)uracil	C9H13N4O9P	-2	Cytosol	C01268
5caiz	5-phosphoribosyl-5-carboxyaminoimidazole	C9H11N3O9P	-3	Cytosol	C15667
5dglcn	5-Dehydro-D-gluconate	C6H9O7	-1	Extra-organism, Cytosol, Periplasm	C01062
5dh4dglc	5-Dehydro-4-deoxy-D-glucarate	C6H6O7	-2	Cytosol	C00679
5drib	5'-deoxyribose	C5H10O4	0	Cytosol	
5mdr1p	5-Methylthio-5-deoxy-D-ribose 1-phosphate	C6H11O7PS	-2	Cytosol	C04188
5mdru1p	5-Methylthio-5-deoxy-D-ribulose 1-phosphate	C6H11O7PS	-2	Cytosol	C04582
5mta	5-Methylthioadenosine	C11H15N5O3S	0	Cytosol	C00170
5mthf	5-Methyltetrahydrofolate	C20H24N7O6	-1	Cytosol	C00440
5mtr	5-Methylthio-D-ribose	C6H12O4S	0	Cytosol	C03089
5prdmbz	N1-(5-Phospho-alpha-D-ribosyl)-5,6-dimethylbenzimidazole	C14H17N2O7P	-2	Cytosol	C04778
6hmhpt	6-hydroxymethyl dihydropterin	C7H9N5O2	0	Cytosol	C01300
6hmhptpp	6-hydroxymethyl-dihydropterin pyrophosphate	C7H8N5O8P2	-3	Cytosol	C04807
6pgc	6-Phospho-D-gluconate	C6H10O10P	-3	Cytosol	C00345
6pgl	6-phospho-D-glucono-1,5-lactone	C6H9O9P	-2	Cytosol	C01236
8aonn	8-Amino-7-oxononanoate	C9H17NO3	0	Cytosol	C01092
aacald	Aminoacetaldehyde	C2H6NO	1	Cytosol	C06735
aacoa	Acetoacetyl-CoA	C25H36N7O18P3S	-4	Cytosol	C00332
aact	Aminoacetone	C3H8NO	1	Cytosol	C01888
ac	Acetate	C2H3O2	-1	Extra-organism, Cytosol, Periplasm	C00033
acac	Acetoacetate	C4H5O3	-1	Extra-organism, Cytosol, Periplasm	C00164
acACP	Acetyl-ACP	C13H23N2O8PRS	-1	Cytosol	C03939
acald	Acetaldehyde	C2H4O	0	Extra-organism, Cytosol, Periplasm	C00084
acanth	N-Acetylanthranilate	C9H8NO3	-1	Cytosol	C06332
accoa	Acetyl-CoA	C23H34N7O17P3S	-4	Cytosol	C00024
acetol	Acetol	C3H6O2	0	Cytosol	C05235
acg5p	N-Acetyl-L-glutamyl 5-phosphate	C7H9NO8P	-3	Cytosol	C04133
acg5sa	N-Acetyl-L-glutamate 5-semialdehyde	C7H10NO4	-1	Cytosol	C01250
acgam	N-Acetyl-D-glucosamine	C8H15NO6	0	Extra-organism, Cytosol, Periplasm	C00140
acgam1p	N-Acetyl-D-glucosamine 1-phosphate	C8H14NO9P	-2	Extra-organism, Cytosol, Periplasm	C04256
acgam6p	N-Acetyl-D-glucosamine 6-phosphate	C8H14NO9P	-2	Cytosol	C00357
acglc_D	6-Acetyl-D-glucose	C8H14O7	0	Cytosol	C02655
acglu	N-Acetyl-L-glutamate	C7H9NO5	-2	Cytosol	C00624
acmalt	Acetyl-maltose	C14H24O12	0	Cytosol	C02130
acmana	N-Acetyl-D-mannosamine	C8H15NO6	0	Extra-organism, Cytosol, Periplasm	C00645
acmanap	N-Acetyl-D-mannosamine 6-phosphate	C8H14NO9P	-2	Cytosol	C04257
acmum6p	N-acetylmuramate 6-phosphate	C11H17NO11P	-3	Cytosol	C16698
acnam	N-Acetylneuraminate	C11H18NO9	-1	Extra-organism, Cytosol, Periplasm	C00270
acon_C	cis-Aconitate	C6H3O6	-3	Cytosol	C00417
acon_T	trans-Aconitate	C6H3O6	-3	Cytosol	C02341
aconm	E-3-carboxy-2-pentenedioate 6-methyl ester	C7H6O6	-2	Cytosol	C11514
ACP	acyl carrier protein	C11H21N2O7PRS	-1	Cytosol	C00229
acser	O-Acetyl-L-serine	C5H9NO4	0	Extra-organism, Cytosol, Periplasm	C00979
actACP	Acetoacetyl-ACP	C15H25N2O9PRS	-1	Cytosol	C05744
actp	Acetyl phosphate	C2H3O5P	-2	Cytosol	C00227
ade	Adenine	C5H5N5	0	Extra-organism, Cytosol, Periplasm	C00147
adn	Adenosine	C10H13N5O4	0	Extra-organism, Cytosol, Periplasm	C00212
adocbi	Adenosyl cobinamide	C58H84CoN16O11	1	Cytosol	C06508
adocbip	Adenosyl cobinamide phosphate	C58H83CoN16O14P	-1	Cytosol	C06509
adocbl	Adenosylcobalamin	C72H100CoN18O17P	0	Extra-organism, Cytosol, Periplasm	C00194
adp	ADP	C10H12N5O10P2	-3	Cytosol	C00008
adpglc	ADPglucose	C16H23N5O15P2	-2	Cytosol	C00498
adphep_DD	ADP-D-glycero-D-manno-heptose	C17H25N5O16P2	-2	Cytosol	C06397
adphep_LD	ADP-L-glycero-D-manno-heptose	C17H25N5O16P2	-2	Cytosol	C06398
adprib	ADPribose	C15H21N5O14P2	-2	Cytosol	C00301
ag	silver	Ag	1	Extra-organism, Cytosol	C06710
agdpcbi	Adenosine-GDP-cobinamide	C68H95CoN21O21P2	-1	Cytosol	C06510
agm	Agmatine	C5H16N4	2	Extra-organism, Cytosol, Periplasm	C00179
ahcys	S-Adenosyl-L-homocysteine	C14H20N6O5S	0	Cytosol	C00021
ahdt	2-Amino-4-hydroxy-6-(erythro-1,2,3-trihydroxypropyl)dihydropteridine triphosphate	C9H12N5O13P3	-4	Cytosol	C04895
aicar	5-Amino-1-(5-Phospho-D-ribosyl)imidazole-4-carboxamide	C9H13N4O8P	-2	Cytosol	C04677
air	5-amino-1-(5-phospho-D-ribosyl)imidazole	C8H12N3O7P	-2	Cytosol	C03373
akg	2-Oxoglutarate	C5H4O5	-2	Extra-organism, Cytosol, Periplasm	C00026
ala_B	beta-Alanine	C3H7NO2	0	Extra-organism, Cytosol, Periplasm	C00099
ala_D	D-Alanine	C3H7NO2	0	Extra-organism, Cytosol, Periplasm	C00133
ala_L	L-Alanine	C3H7NO2	0	Extra-organism, Cytosol, Periplasm	C00041
alaala	D-Alanyl-D-alanine	C6H12N2O3	0	Extra-organism, Cytosol, Periplasm	C00993
alac_S	(S)-2-Acetolactate	C5H7O4	-1	Cytosol	C06010
alatrna	L-Alanyl-tRNA(Ala)	C3H6NOR	1	Cytosol	C00886
all_D	D-Allose	C6H12O6	0	Extra-organism, Cytosol, Periplasm	C01487
all6p	D-Allose 6-phosphate	C6H11O9P	-2	Cytosol	C02962
alltn	Allantoin	C4H6N4O3	0	Extra-organism, Cytosol, Periplasm	C01551
alltt	Allantoate	C4H7N4O4	-1	Cytosol	C00499
allul6p	Allulose 6-phosphate	C6H11O9P	-2	Cytosol	C18096
altrn	D-Altronate	C6H11O7	-1	Cytosol	C00817
amet	S-Adenosyl-L-methionine	C15H23N6O5S	1	Cytosol	C00019
ametam	S-Adenosylmethioninamine	C14H24N6O3S	2	Cytosol	C01137
amob	S-Adenosyl-4-methylthio-2-oxobutanoate	C15H19N5O6S	0	Cytosol	C04425
amp	AMP	C10H12N5O7P	-2	Extra-organism, Cytosol, Periplasm	C00020
anhgm	N-Acetyl-D-glucosamine(anhydrous)N-Acetylmuramic acid	C19H29N2O12	-1	Extra-organism, Cytosol, Periplasm	
anhgm3p	N-Acetyl-D-glucosamine(anhydrous)N-Acetylmuramyl-tripeptide	C34H52N6O19	-2	Cytosol, Periplasm	
anhgm4p	N-Acetyl-D-glucosamine(anhydrous)N-Acetylmuramyl-tetrapeptide	C37H57N7O20	-2	Cytosol, Periplasm	
anhm	1,6-anhydrous-N-Acetylmuramate	C11H16NO7	-1	Cytosol	
anhm3p	1,6-anhydrous-N-Acetylmuramyl-tripeptide	C26H39N5O14	-2	Cytosol	
anhm4p	1,6-anhydrous-N-Acetylmuramyl-tetrapeptide	C29H44N6O15	-2	Cytosol	
anth	Anthranilate	C7H6NO2	-1	Cytosol	C00108
ap4a	P1,P4-Bis(5'-adenosyl) tetraphosphate	C20H24N10O19P4	-4	Cytosol	C01260
ap5a	P1,P5-Bis(5'-adenosyl) pentaphosphate	C20H24N10O22P5	-5	Cytosol	C04058
apg120	acyl phosphatidylglycerol (n-C12:0)	C42H80O11P	-1	Cytosol	
apg140	acyl phosphatidylglycerol (n-C14:0)	C48H92O11P	-1	Cytosol	
apg141	acyl phosphatidylglycerol (n-C14:1)	C48H86O11P	-1	Cytosol	
apg160	acyl phosphatidylglycerol (n-C16:0)	C54H104O11P	-1	Cytosol	
apg161	acyl phosphatidylglycerol (n-C16:1)	C54H98O11P	-1	Cytosol	
apg180	acyl phosphatidylglycerol (n-C18:0)	C60H116O11P	-1	Cytosol	
apg181	acyl phosphatidylglycerol (n-C18:1)	C60H110O11P	-1	Cytosol	
apoACP	apoprotein [acyl carrier protein]	RHO	0	Cytosol	C03688
aps	Adenosine 5'-phosphosulfate	C10H12N5O10PS	-2	Cytosol	C00224
ara5p	D-Arabinose 5-phosphate	C5H9O8P	-2	Cytosol	C01112
arab_L	L-Arabinose	C5H10O5	0	Extra-organism, Cytosol, Periplasm	C00259
aragund	O-acetyl-rhamanosyl-N-acetylglucosamyl-undecaprenyl diphosphate	C71H115N1O17P2	-2	Cytosol	
arbt6p	Arbutin 6-phosphate	C12H15O10P	-2	Cytosol	C06187
arbtn	aerobactin minus Fe3	C22H33N4O13	-3	Extra-organism, Cytosol, Periplasm	C05554
arbtn_fe3	Aerobactin	C22H33FeN4O13	0	Extra-organism, Cytosol, Periplasm	
arg_L	L-Arginine	C6H15N4O2	1	Extra-organism, Cytosol, Periplasm	C00062
argsuc	N(omega)-(L-Arginino)succinate	C10H17N4O6	-1	Cytosol	C03406
argtrna	L-Arginyl-tRNA(Arg)	C6H14N4OR	2	Cytosol	C02163
ascb6p	L-ascorbate-6-phosphate	C6H7O9P	-2	Cytosol	C16186
asn_L	L-Asparagine	C4H8N2O3	0	Extra-organism, Cytosol, Periplasm	C00152
asntrna	L-Asparaginyl-tRNA(Asn)	C14H24N2O12PR2	1	Cytosol	C03402
aso3	arsenite	AsO3	-3	Extra-organism, Cytosol, Periplasm	C06697
aso4	arsenate	AsO4	-3	Cytosol	C01478
asp_L	L-Aspartate	C4H6NO4	-1	Extra-organism, Cytosol, Periplasm	C00049
aspsa	L-Aspartate 4-semialdehyde	C4H7NO3	0	Cytosol	C00441
asptrna	L-Aspartyl-tRNA(Asp)	C4H5NO3R	0	Cytosol	C02984
athr_L	L-Allo-threonine	C4H9NO3	0	Cytosol	C05519
atp	ATP	C10H12N5O13P3	-4	Cytosol	C00002
b2coa	Crotonoyl-CoA	C25H36N7O17P3S	-4	Cytosol	C00877
bbtcoa	gamma-butyrobetainyl-CoA	C28H46N8O17P3S	-3	Cytosol	
betald	Betaine aldehyde	C5H12NO	1	Cytosol	C00576
bglycogen	branching glycogen	C6H10O5	0	Cytosol	
btal	Butanal	C4H8O	0	Cytosol	C01412
btcoa	Butanoyl-CoA	C25H38N7O17P3S	-4	Cytosol	C00136
btn	Biotin	C10H15N2O3S	-1	Cytosol	C00120
btnso	d-biotin d-sulfoxide	C10H15N2O4S	-1	Cytosol	
but	Butyrate (n-C4:0)	C4H7O2	-1	Extra-organism, Cytosol, Periplasm	C00246
but2eACP	But-2-enoyl-[acyl-carrier protein]	C15H25N2O8PRS	-1	Cytosol	C04246
butACP	Butyryl-ACP (n-C4:0ACP)	C15H27N2O8PRS	-1	Cytosol	C05745
butso3	butanesulfonate	C4H9O3S	-1	Extra-organism, Cytosol, Periplasm	
ca2	Calcium	Ca	2	Extra-organism, Cytosol, Periplasm	C00076
camp	cAMP	C10H11N5O6P	-1	Cytosol	C00575
cbasp	N-Carbamoyl-L-aspartate	C5H6N2O5	-2	Cytosol	C00438
cbi	Cobinamide	C48H72CoN11O8	0	Extra-organism, Cytosol, Periplasm	C05774
cbl1	Cob(I)alamin	C62H88CoN13O14P	-1	Extra-organism, Cytosol, Periplasm	C00853
cbp	Carbamoyl phosphate	CH2NO5P	-2	Cytosol	C00169
cd2	Cadmium	Cd	2	Extra-organism, Cytosol, Periplasm	C01413
cddec5eACP	cis-dodec-5-enoyl-[acyl-carrier protein] (n-C12:1)	C23H41N2O8PRS	-1	Cytosol	
cdec3eACP	cis-dec-3-enoyl-[acyl-carrier protein] (n-C10:1)	C21H37N2O8PRS	-1	Cytosol	
cdp	CDP	C9H12N3O11P2	-3	Cytosol	C00112
cdpdddecg	CDP-1,2-didodecanoylglycerol	C36H63N3O15P2	-2	Cytosol	C00269
cdpdhdec9eg	CDP-1,2-dihexadec-9-enoylglycerol	C44H75N3O15P2	-2	Cytosol	C00269
cdpdhdecg	CDP-1,2-dihexadecanoylglycerol	C44H79N3O15P2	-2	Cytosol	C00269
cdpdodec11eg	CDP-1,2-dioctadec-11-enoylglycerol	C48H83N3O15P2	-2	Cytosol	C00269
cdpdodecg	CDP-1,2-dioctadecanoylglycerol	C48H87N3O15P2	-2	Cytosol	C00269
cdpdtdec7eg	CDP-1,2-ditetradec-7-enoylglycerol	C40H67N3O15P2	-2	Cytosol	C00269
cdpdtdecg	CDP-1,2-ditetradecanoylglycerol	C40H71N3O15P2	-2	Cytosol	C00269
cechddd	cis-3-(3-carboxyethyl)-3,5-cyclohexadiene-1,2-diol	C9H11O4	-1	Cytosol	C12622
cechddd	cis-3-(3-carboxyethyl)-3,5-cyclohexadiene-1,2-diol	C9H11O4	-1	Cytosol	
cenchddd	cis-3-(3-carboxyethenyl)-3,5-cyclohexadiene-1,2-diol	C9H9O4	-1	Cytosol	C12622
cgly	Cys-Gly	C5H10N2O3S	0	Extra-organism, Cytosol, Periplasm	C01419
chol	Choline	C5H14NO	1	Extra-organism, Cytosol, Periplasm	C00114
chor	chorismate	C10H8O6	-2	Cytosol	C00251
cinnm	trans-Cinnamate	C9H7O2	-1	Cytosol	C00423
cit	Citrate	C6H5O7	-3	Extra-organism, Cytosol, Periplasm	C00158
citr_L	L-Citrulline	C6H13N3O3	0	Cytosol	C00327
ckdo	CMP-3-deoxy-D-manno-octulosonate	C17H24N3O15P	-2	Cytosol	
cl	Chloride	Cl	-1	Extra-organism, Cytosol, Periplasm	C00698
cmp	CMP	C9H12N3O8P	-2	Extra-organism, Cytosol, Periplasm	C00055
co2	CO2	CO2	0	Extra-organism, Cytosol, Periplasm	C00011
coa	Coenzyme A	C21H32N7O16P3S	-4	Cytosol	C00010
cobalt2	Co2+	Co	2	Extra-organism, Cytosol, Periplasm	C00175
colipa	core oligosaccharide lipid A	C176H303N2O100P4	-11	Extra-organism, Cytosol, Periplasm	
cpe160	cyclopropane phosphatidylethanolamine (dihexadec-9,10-cyclo-anoyl, n-C16:0 cyclo)	C39H74N1O8P1	0	Cytosol	
cpe180	cyclopropane phosphatidylethanolamine (dioctadec-11,12-cyclo-anoyl, n-C18:0 cyclo)	C43H82N1O8P1	0	Cytosol	
cpg160	cyclopropane phosphatidylglycerol (dihexadec-9,10-cyclo-anoyl, n-C16:0 cyclo)	C40H74O10P1	-1	Cytosol	
cpg180	cyclopropane phosphatidylglycerol (dioctadec-11,12-cyclo-anoyl, n-C18:0 cyclo)	C44H82O10P1	-1	Cytosol	
cpgn	coprogen	C35H52N6O13Fe	-1	Extra-organism, Cytosol, Periplasm	
cpgn_un	coprogen unloaded (no Fe(III))	C35H52N6O13	-4	Extra-organism, Cytosol, Periplasm	
cpppg3	Coproporphyrinogen III	C36H40N4O8	-4	Cytosol	C03263
crn	L-Carnitine	C7H15NO3	0	Extra-organism, Cytosol, Periplasm	C00318
crn_D	D-Carnitine	C7H15NO3	0	Cytosol, Periplasm	C00487
crncoa	L-Carnitinyl-CoA	C28H46N8O18P3S	-3	Cytosol	
crnDcoa	D-carnitinyl-CoA	C28H46N8O18P3S	-3	Cytosol	
csn	Cytosine	C4H5N3O	0	Extra-organism, Cytosol, Periplasm	C00380
ctbt	crotonobetaine	C7H13NO2	0	Cytosol, Periplasm	C04114
ctbtcoa	crotonobetainyl-CoA	C28H44N8O17P3S	-3	Cytosol	
ctp	CTP	C9H12N3O14P3	-4	Cytosol	C00063
cu	Cu+	Cu	1	Extra-organism, Cytosol, Periplasm	C00070
cu2	Cu2+	Cu	2	Extra-organism, Cytosol, Periplasm	C00070
cyan	Hydrogen cyanide	CHN	0	Extra-organism, Cytosol, Periplasm	C01326
cynt	Cyanate	CNO	-1	Extra-organism, Cytosol, Periplasm	C01417
cys_D	D-Cysteine	C3H7NO2S	0	Extra-organism, Cytosol, Periplasm	C00793
cys_L	L-Cysteine	C3H7NO2S	0	Extra-organism, Cytosol, Periplasm	C00097
cyst_L	L-Cystathionine	C7H14N2O4S	0	Cytosol	C02291
cystrna	L-Cysteinyl-tRNA(Cys)	C3H6NOSR	1	Cytosol	C03125
cytd	Cytidine	C9H13N3O5	0	Extra-organism, Cytosol, Periplasm	C00475
dad_2	Deoxyadenosine	C10H13N5O3	0	Extra-organism, Cytosol, Periplasm	C00559
dad_5	5'-Deoxyadenosine	C10H13N5O3	0	Cytosol	C05198
dadp	dADP	C10H12N5O9P2	-3	Cytosol	C00206
damp	dAMP	C10H12N5O6P	-2	Extra-organism, Cytosol, Periplasm	C00360
dann	7,8-Diaminononanoate	C9H21N2O2	1	Cytosol	C01037
datp	dATP	C10H12N5O12P3	-4	Cytosol	C00131
db4p	3,4-dihydroxy-2-butanone 4-phosphate	C4H7O6P	-2	Cytosol	C15556
dc2coa	trans-Dec-2-enoyl-CoA	C31H48N7O17P3S	-4	Cytosol	C05275
dca	Decanoate (n-C10:0)	C10H19O2	-1	Extra-organism, Cytosol, Periplasm	C01571
dcaACP	Decanoyl-ACP (n-C10:0ACP)	C21H39N2O8PRS	-1	Cytosol	C05755
dcacoa	Decanoyl-CoA (n-C10:0CoA)	C31H50N7O17P3S	-4	Cytosol	C05274
dcamp	N6-(1,2-Dicarboxyethyl)-AMP	C14H14N5O11P	-4	Cytosol	C03794
dcdp	dCDP	C9H12N3O10P2	-3	Cytosol	C00705
dcmp	dCMP	C9H12N3O7P	-2	Extra-organism, Cytosol, Periplasm	C00239
dctp	dCTP	C9H12N3O13P3	-4	Cytosol	C00458
dcyt	Deoxycytidine	C9H13N3O4	0	Extra-organism, Cytosol, Periplasm	C00881
dd2coa	trans-Dodec-2-enoyl-CoA	C33H52N7O17P3S	-4	Cytosol	C03221
ddca	Dodecanoate (n-C12:0)	C12H23O2	-1	Extra-organism, Cytosol, Periplasm	C02679
ddcaACP	Dodecanoyl-ACP (n-C12:0ACP)	C23H43N2O8PRS	-1	Cytosol	C05223
ddcacoa	Dodecanoyl-CoA (n-C12:0CoA)	C33H54N7O17P3S	-4	Cytosol	C01832
dgdp	dGDP	C10H12N5O10P2	-3	Cytosol	C00361
dgmp	dGMP	C10H12N5O7P	-2	Extra-organism, Cytosol, Periplasm	C00362
dgsn	Deoxyguanosine	C10H13N5O4	0	Extra-organism, Cytosol, Periplasm	C00330
dgtp	dGTP	C10H12N5O13P3	-4	Cytosol	C00286
dha	Dihydroxyacetone	C3H6O3	0	Extra-organism, Cytosol, Periplasm	C00184
dhap	Dihydroxyacetone phosphate	C3H5O6P	-2	Cytosol	C00111
dhcinnm	2,3-dihydroxicinnamic acid	C9H7O4	-1	Cytosol	C12623
dhf	7,8-Dihydrofolate	C19H19N7O6	-2	Cytosol	C00415
dhmptp	dihydromonapterin-triphosphate	C9H12N5O13P3	-4	Cytosol	
dhna	1,4-Dihydroxy-2-naphthoate	C11H7O4	-1	Cytosol	C03657
dhnpt	Dihydroneopterin	C9H13N5O4	0	Cytosol	C04874
dhor_S	(S)-Dihydroorotate	C5H5N2O4	-1	Cytosol	C00337
dhpmp	Dihydroneopterin monophosphate	C9H12N5O7P	-2	Cytosol	C05925
dhpppn	3-(2,3-Dihydroxyphenyl)propanoate	C9H9O4	-1	Cytosol	C04044
dhpt	Dihydropteroate	C14H13N6O3	-1	Cytosol	C00921
dhptd	4,5-dihydroxy-2,3-pentanedione	C5H8O4	0	Cytosol	C11838
didp	dIDP	C10H11N4O10P2	-3	Cytosol	C01344
dimp	dIMP	C10H11N4O7P	-2	Extra-organism, Cytosol, Periplasm	C06196
din	Deoxyinosine	C10H12N4O4	0	Extra-organism, Cytosol, Periplasm	C05512
ditp	dITP	C10H11N4O13P3	-4	Cytosol	C01345
dkmpp	2,3-diketo-5-methylthio-1-phosphopentane	C6H9O6PS	-2	Cytosol	C15650
dmbzid	5,6-Dimethylbenzimidazole	C9H10N2	0	Cytosol	C03114
dmlz	6,7-Dimethyl-8-(1-D-ribityl)lumazine	C13H18N4O6	0	Cytosol	C04332
dmpp	Dimethylallyl diphosphate	C5H9O7P2	-3	Cytosol	C00235
dms	Dimethyl sulfide	C2H6S	0	Extra-organism, Cytosol, Periplasm	C00580
dmso	Dimethyl sulfoxide	C2H6OS	0	Extra-organism, Cytosol, Periplasm	C11143
dnad	Deamino-NAD+	C21H24N6O15P2	-2	Cytosol	C00857
dpcoa	Dephospho-CoA	C21H33N7O13P2S	-2	Cytosol	C00882
dsbdox	fused thiol:disulfide interchange protein (oxidized)	X	0	Cytosol	
dsbdrd	fused thiol:disulfide interchange protein (reduced)	XH2	0	Cytosol	
dscl	dihydrosirohydrochlorin	C42H41N4O16	-7	Cytosol	C02463
dtbt	Dethiobiotin	C10H17N2O3	-1	Cytosol	C01909
dtdp	dTDP	C10H13N2O11P2	-3	Cytosol	C00363
dtdp4aaddg	dTDP-4-acetamido-4,6-dideoxy-D-galactose	C18H27N3O15P2	-2	Cytosol	
dtdp4addg	dTDP-4-amino-4,6-dideoxy-D-galactose	C16H26N3O14P2	-1	Cytosol	C04268
dtdp4d6dg	dTDP-4-dehydro-6-deoxy-D-glucose	C16H22N2O15P2	-2	Cytosol	C11907
dtdp4d6dm	dTDP-4-dehydro-6-deoxy-L-mannose	C16H22N2O15P2	-2	Cytosol	C00688
dtdpglu	dTDPglucose	C16H24N2O16P2	-2	Cytosol	C00842
dtdprmn	dTDP-L-rhamnose	C16H24N2O15P2	-2	Cytosol	C03319
dtmp	dTMP	C10H13N2O8P	-2	Extra-organism, Cytosol, Periplasm	C00364
dttp	dTTP	C10H13N2O14P3	-4	Cytosol	C00459
dudp	dUDP	C9H11N2O11P2	-3	Cytosol	C01346
dump	dUMP	C9H11N2O8P	-2	Extra-organism, Cytosol, Periplasm	C00365
duri	Deoxyuridine	C9H12N2O5	0	Extra-organism, Cytosol, Periplasm	C00526
dutp	dUTP	C9H11N2O14P3	-4	Cytosol	C00460
dxyl	1-deoxy-D-xylulose	C5H10O4	0	Cytosol	C06257
dxyl5p	1-deoxy-D-xylulose 5-phosphate	C5H9O7P	-2	Cytosol	C11437
e4p	D-Erythrose 4-phosphate	C4H7O7P	-2	Cytosol	C00279
eig3p	D-erythro-1-(Imidazol-4-yl)glycerol 3-phosphate	C6H9N2O6P	-2	Cytosol	C04666
enter	Enterochelin	C30H27N3O15	0	Extra-organism, Cytosol, Periplasm	C05821
etha	Ethanolamine	C2H8NO	1	Extra-organism, Cytosol, Periplasm	C00189
ethso3	ethanesulfonate	C2H5O3S	-1	Extra-organism, Cytosol, Periplasm	
etoh	Ethanol	C2H6O	0	Extra-organism, Cytosol, Periplasm	C00469
f1p	D-Fructose 1-phosphate	C6H11O9P	-2	Cytosol	C01094
f6p	D-Fructose 6-phosphate	C6H11O9P	-2	Extra-organism, Cytosol, Periplasm	C00085
fad	Flavin adenine dinucleotide oxidized	C27H31N9O15P2	-2	Cytosol	C00016
fadh2	Flavin adenine dinucleotide reduced	C27H33N9O15P2	-2	Cytosol	C01352
fald	Formaldehyde	CH2O	0	Extra-organism, Cytosol, Periplasm	C00067
fc1p	L-Fuculose 1-phosphate	C6H11O8P	-2	Cytosol	C01099
fcl_L	L-fuculose	C6H12O5	0	Cytosol	C01721
fdp	D-Fructose 1,6-bisphosphate	C6H10O12P2	-4	Cytosol	C00354
fe2	Fe2+	Fe	2	Extra-organism, Cytosol, Periplasm	C14818
fe3	Fe3+	Fe	3	Extra-organism, Cytosol, Periplasm	C14819
fe3dhbzs	ferric 2,3-dihydroxybenzoylserine	C10H10NO6Fe	2	Extra-organism, Cytosol, Periplasm	
fe3hox	Fe(III)hydroxamate	C9H18O6N3Fe	0	Extra-organism, Cytosol, Periplasm	C06227
fe3hox_un	Fe(III)hydoxamate, unloaded	C9H18O6N3	-3	Extra-organism, Cytosol, Periplasm	
fecrm	Ferrichrome	C27H42FeN9O12	0	Extra-organism, Cytosol, Periplasm	C06228
fecrm_un	Ferrichrome minus Fe(III)	C27H42N9O12	-3	Extra-organism, Cytosol, Periplasm	
feenter	Fe-enterobactin	C30H27FeN3O15	3	Extra-organism, Cytosol, Periplasm	C06230
feoxam	ferroxamine	C25H46FeN6O8	1	Extra-organism, Cytosol, Periplasm	C07597
feoxam_un	ferroxamine minus Fe(3)	C25H46N6O8	-2	Extra-organism, Cytosol, Periplasm	
fgam	N2-Formyl-N1-(5-phospho-D-ribosyl)glycinamide	C8H13N2O9P	-2	Cytosol	C04376
fldox	flavodoxin (oxidized) - obsolete	X	0	Cytosol	C02869
fldrd	flavodoxin (reduced) - obsolete	XH2	0	Cytosol	C02745
fmettrna	N-Formylmethionyl-tRNA	C6H9NO2SR	0	Cytosol	C03294
fmn	FMN	C17H19N4O9P	-2	Cytosol	C00061
fmnh2	Reduced FMN	C17H21N4O9P	-2	Cytosol	C01847
for	Formate	CH1O2	-1	Extra-organism, Cytosol, Periplasm	C00058
fpram	2-(Formamido)-N1-(5-phospho-D-ribosyl)acetamidine	C8H15N3O8P	-1	Cytosol	C04640
fprica	5-Formamido-1-(5-phospho-D-ribosyl)imidazole-4-carboxamide	C10H13N4O9P	-2	Cytosol	C04734
frdp	Farnesyl diphosphate	C15H25O7P2	-3	Cytosol	C00448
fru	D-Fructose	C6H12O6	0	Extra-organism, Cytosol, Periplasm	C00095
frulys	fructoselysine	C12H25N2O7	1	Extra-organism, Cytosol, Periplasm	C16488
frulysp	fructoselysine Phosphate	C12H24N2O10P	-1	Cytosol	C16489
fruur	D-Fructuronate	C6H9O7	-1	Extra-organism, Cytosol, Periplasm	C00905
fuc_L	L-Fucose	C6H12O5	0	Extra-organism, Cytosol, Periplasm	C01019
fum	Fumarate	C4H2O4	-2	Extra-organism, Cytosol, Periplasm	C00122
g1p	D-Glucose 1-phosphate	C6H11O9P	-2	Extra-organism, Cytosol, Periplasm	C00103
g3p	Glyceraldehyde 3-phosphate	C3H5O6P	-2	Cytosol	C00118
g3pc	sn-Glycero-3-phosphocholine	C8H20NO6P	0	Extra-organism, Cytosol, Periplasm	C00670
g3pe	sn-Glycero-3-phosphoethanolamine	C5H14NO6P	0	Extra-organism, Cytosol, Periplasm	C01233
g3pg	Glycerophosphoglycerol	C6H14O8P	-1	Extra-organism, Cytosol, Periplasm	C03274
g3pi	sn-Glycero-3-phospho-1-inositol	C9H18O11P	-1	Extra-organism, Cytosol, Periplasm	C01225
g3ps	Glycerophosphoserine	C6H13NO8P	-1	Extra-organism, Cytosol, Periplasm	
g6p	D-Glucose 6-phosphate	C6H11O9P	-2	Extra-organism, Cytosol, Periplasm	C00092
gagicolipa	galactosyl-glucosyl-inner core oligosaccharide lipid A	C157H271N2O84P4	-11	Cytosol	
gal	D-Galactose	C6H12O6	0	Extra-organism, Cytosol, Periplasm	C00124
gal1p	alpha-D-Galactose 1-phosphate	C6H11O9P	-2	Extra-organism, Cytosol, Periplasm	C00446
galct_D	D-Galactarate	C6H8O8	-2	Extra-organism, Cytosol, Periplasm	C00879
galctn_D	D-Galactonate	C6H11O7	-1	Extra-organism, Cytosol, Periplasm	C00880
galctn_L	L-Galactonate	C6H11O7	-1	Extra-organism, Cytosol, Periplasm	C15930
galt1p	Galactitol 1-phosphate	C6H13O9P	-2	Cytosol	C06311
galur	D-Galacturonate	C6H9O7	-1	Extra-organism, Cytosol, Periplasm	C00333
gam1p	D-Glucosamine 1-phosphate	C6H13NO8P	-1	Cytosol	C06156
gam6p	D-Glucosamine 6-phosphate	C6H13NO8P	-1	Extra-organism, Cytosol, Periplasm	C00352
gar	N1-(5-Phospho-D-ribosyl)glycinamide	C7H14N2O8P	-1	Cytosol	C03838
garagund	glucosyl-O-acetyl-rhamanosyl-N-acetylglucosamyl-undecaprenyl diphosphate	C77H125N1O22P2	-2	Cytosol	
gbbtn	gamma-butyrobetaine	C7H15NO2	0	Extra-organism, Cytosol, Periplasm	C01181
gcald	Glycolaldehyde	C2H4O2	0	Cytosol	C00266
gdp	GDP	C10H12N5O11P2	-3	Extra-organism, Cytosol, Periplasm	C00035
gdpddman	GDP-4-dehydro-6-deoxy-D-mannose	C16H21N5O15P2	-2	Cytosol	C01222
gdpfuc	GDP-L-fucose	C16H23N5O15P2	-2	Cytosol	C00325
gdpmann	GDP-D-mannose	C16H23N5O16P2	-2	Cytosol	C00096
gdpofuc	GDP-4-oxo-L-fucose	C16H21N5O15P2	-2	Cytosol	
gdptp	Guanosine 3'-diphosphate 5'-triphosphate	C10H11N5O20P5	-7	Cytosol	C04494
gfgaragund	galactofuranosyl-glucosyl-O-acetyl-rhamanosyl-N-acetylglucosamyl-undecaprenyl diphosphate	C83H135N1O27P2	-2	Cytosol	
gg4abut	gamma-glutamyl-gamma aminobutyric acid	C9H15O5N2	-1	Cytosol	C15767
ggagicolipa	glucosyl-galactosyl-glucosyl-inner core oligosaccharide lipid A	C163H281N2O89P4	-11	Cytosol	
ggbutal	gamma-glutamyl-gamma-butyraldehyde	C9H16O4N2	0	Cytosol	C15700
gggagicolipa	glucosyl-glucosyl-galactosyl-glucosyl-inner core oligosaccharide lipid A	C169H291N2O94P4	-11	Cytosol	
ggptrc	gamma-glutamyl-putrescine	C9H20O3N3	1	Cytosol	C15699
gicolipa	glucosyl-inner core oligosaccharide lipid A	C151H261N2O79P4	-11	Cytosol	
glc_D	D-Glucose	C6H12O6	0	Extra-organism, Cytosol, Periplasm	C00031
glcn	D-Gluconate	C6H11O7	-1	Extra-organism, Cytosol, Periplasm	C00257
glcr	D-Glucarate	C6H8O8	-2	Extra-organism, Cytosol, Periplasm	C00818
glcur	D-Glucuronate	C6H9O7	-1	Extra-organism, Cytosol, Periplasm	C00191
gln_L	L-Glutamine	C5H10N2O3	0	Extra-organism, Cytosol, Periplasm	C00064
glntrna	L-Glutaminyl-tRNA(Gln)	C5H9N2O2R	1	Cytosol	C02282
glu_D	D-Glutamate	C5H8NO4	-1	Cytosol	C00217
glu_L	L-Glutamate	C5H8NO4	-1	Extra-organism, Cytosol, Periplasm	C00025
glu1sa	L-Glutamate 1-semialdehyde	C5H9NO3	0	Cytosol	C03741
glu5p	L-Glutamate 5-phosphate	C5H8NO7P	-2	Cytosol	C03287
glu5sa	L-Glutamate 5-semialdehyde	C5H9NO3	0	Cytosol	C01165
glucys	gamma-L-Glutamyl-L-cysteine	C8H13N2O5S	-1	Cytosol	C00669
glutrna	L-Glutamyl-tRNA(Glu)	C5H7NO3R	0	Cytosol	C02987
glx	Glyoxylate	C2H1O3	-1	Cytosol	C00048
gly	Glycine	C2H5NO2	0	Extra-organism, Cytosol, Periplasm	C00037
glyald	D-Glyceraldehyde	C3H6O3	0	Extra-organism, Cytosol, Periplasm	C00577
glyb	Glycine betaine	C5H11NO2	0	Extra-organism, Cytosol, Periplasm	C00719
glyc	Glycerol	C3H8O3	0	Extra-organism, Cytosol, Periplasm	C00116
glyc_R	(R)-Glycerate	C3H5O4	-1	Extra-organism, Cytosol, Periplasm	C00258
glyc3p	Glycerol 3-phosphate	C3H7O6P	-2	Extra-organism, Cytosol, Periplasm	C00093
glyclt	Glycolate	C2H3O3	-1	Extra-organism, Cytosol, Periplasm	C00160
glycogen	glycogen	C6H10O5	0	Cytosol	C00182
glytrna	Glycyl-tRNA(Gly)	C2H4NOR	1	Cytosol	C02412
gmhep17bp	D-Glycero-D-manno-heptose 1,7-bisphosphate	C7H12O13P2	-4	Cytosol	C11472
gmhep1p	D-Glycero-D-manno-heptose 1-phosphate	C7H13O10P	-2	Cytosol	C07838
gmhep7p	D-Glycero-D-manno-heptose 7-phosphate	C7H13O10P	-2	Cytosol	C07836
gmp	GMP	C10H12N5O8P	-2	Extra-organism, Cytosol, Periplasm	C00144
gp4g	P1,P4-Bis(5'-guanosyl) tetraphosphate	C20H24N10O21P4	-4	Cytosol	C01261
grdp	Geranyl diphosphate	C10H17O7P2	-3	Cytosol	C00341
grxox	glutaredoxin (oxidized)	X	0	Cytosol	C07293
grxrd	glutaredoxin (reduced)	XH2	0	Cytosol	C07292
gsn	Guanosine	C10H13N5O5	0	Extra-organism, Cytosol, Periplasm	C00387
gthox	Oxidized glutathione	C20H30N6O12S2	-2	Extra-organism, Cytosol, Periplasm	C00127
gthrd	Reduced glutathione	C10H16N3O6S	-1	Extra-organism, Cytosol, Periplasm	C00051
gtp	GTP	C10H12N5O14P3	-4	Extra-organism, Cytosol, Periplasm	C00044
gtspmd	Glutathionylspermidine	C17H36N6O5S	2	Cytosol	C05730
gua	Guanine	C5H5N5O	0	Extra-organism, Cytosol, Periplasm	C00242
h	H+	H	1	Extra-organism, Cytosol, Periplasm	C00080
h2	H2	H2	0	Extra-organism, Cytosol, Periplasm	C00282
h2mb4p	1-hydroxy-2-methyl-2-(E)-butenyl 4-diphosphate	C5H9O8P2	-3	Cytosol	C11811
h2o	H2O	H2O	0	Extra-organism, Cytosol, Periplasm	C00001
h2o2	Hydrogen peroxide	H2O2	0	Extra-organism, Cytosol, Periplasm	C00027
h2s	Hydrogen sulfide	H2S	0	Extra-organism, Cytosol, Periplasm	C00283
hco3	Bicarbonate	CHO3	-1	Cytosol	C00288
hcys_L	L-Homocysteine	C4H9NO2S	0	Cytosol	C00155
hdca	Hexadecanoate (n-C16:0)	C16H31O2	-1	Extra-organism, Cytosol, Periplasm	C00249
hdcea	Hexadecenoate (n-C16:1)	C16H29O2	-1	Extra-organism, Cytosol, Periplasm	C08362
hdcoa	Hexadecenoyl-CoA (n-C16:1CoA)	C37H60N7O17P3S	-4	Cytosol	C05272
hdd2coa	trans-Hexadec-2-enoyl-CoA	C37H60N7O17P3S	-4	Cytosol	C05272
hdeACP	cis-hexadec-9-enoyl-[acyl-carrier protein] (n-C16:1)	C27H49N2O8PRS	-1	Cytosol	C16520
hemeO	Heme O	C49H56FeN4O5	-2	Cytosol	C15672
hexACP	Hexanoyl-ACP (n-C6:0ACP)	C17H31N2O8PRS	-1	Cytosol	C05749
hg2	Hg2+	Hg	2	Extra-organism, Cytosol, Periplasm	C00703
hhlipa	heptosyl-heptosyl-kdo2-lipidA	C124H220N2O51P2	-6	Cytosol	
his_L	L-Histidine	C6H9N3O2	0	Extra-organism, Cytosol, Periplasm	C00135
hisp	L-Histidinol phosphate	C6H11N3O4P	-1	Cytosol	C01100
histd	L-Histidinol	C6H12N3O	1	Cytosol	C00860
histrna	L-Histidyl-tRNA(His)	C6H8N3OR	1	Cytosol	C02988
hkndd	2-Hydroxy-6-oxonona-2,4-diene-1,9-dioate	C9H8O6	-2	Cytosol	C04479
hkntd	2-hydroxy-6-ketononatrienedioate	C9H6O6	-2	Cytosol	C12624
hlipa	heptosyl-kdo2-lipidA	C117H208N2O45P2	-6	Cytosol	
hmbil	Hydroxymethylbilane	C40H38N4O17	-8	Cytosol	C01024
hmfurn	4-hydroxy-5-methyl-3(2H)-furanone	C5H6O3	0	Cytosol	
hmgth	hydroxymethylglutathione	C11H18N3O7S	-1	Cytosol	C14180
hom_L	L-Homoserine	C4H9NO3	0	Extra-organism, Cytosol, Periplasm	C00263
hphhlipa	heptosyl-phospho-heptosyl-heptosyl-kdo2-lipidA	C131H231N2O60P3	-8	Cytosol	
hpyr	Hydroxypyruvate	C3H3O4	-1	Cytosol	C00168
hqn	Hydroquinone	C6H6O2	0	Cytosol	C00530
hx2coa	trans-Hex-2-enoyl-CoA	C27H40N7O17P3S	-4	Cytosol	C05271
hxa	Hexanoate (n-C6:0)	C6H11O2	-1	Extra-organism, Cytosol, Periplasm	C01585
hxan	Hypoxanthine	C5H4N4O	0	Extra-organism, Cytosol, Periplasm	C00262
hxcoa	Hexanoyl-CoA (n-C6:0CoA)	C27H42N7O17P3S	-4	Cytosol	C05270
iasp	Iminoaspartate	C4H3NO4	-2	Cytosol	C05840
ichor	Isochorismate	C10H8O6	-2	Cytosol	C00885
icit	Isocitrate	C6H5O7	-3	Cytosol	C00311
icolipa	inner core oligosaccharide lipid A (E coli)	C145H251N2O74P4	-11	Cytosol	
idon_L	L-Idonate	C6H11O7	-1	Extra-organism, Cytosol, Periplasm	C00770
idp	IDP	C10H11N4O11P2	-3	Cytosol	C00104
ile_L	L-Isoleucine	C6H13NO2	0	Extra-organism, Cytosol, Periplasm	C00407
iletrna	L-Isoleucyl-tRNA(Ile)	C6H12NOR	1	Cytosol	C03127
imacp	3-(Imidazol-4-yl)-2-oxopropyl phosphate	C6H7N2O5P	-2	Cytosol	C01267
imp	IMP	C10H11N4O8P	-2	Extra-organism, Cytosol, Periplasm	C00130
indole	Indole	C8H7N	0	Extra-organism, Cytosol, Periplasm	C00463
inost	myo-Inositol	C6H12O6	0	Extra-organism, Cytosol, Periplasm	C00137
ins	Inosine	C10H12N4O5	0	Extra-organism, Cytosol, Periplasm	C00294
ipdp	Isopentenyl diphosphate	C5H9O7P2	-3	Cytosol	C00129
isetac	Isethionic acid	C2H5O4S	-1	Extra-organism, Cytosol, Periplasm	C05123
itp	ITP	C10H11N4O14P3	-4	Cytosol	C00081
k	potassium	K	1	Extra-organism, Cytosol, Periplasm	C00238
kdo	3-Deoxy-D-manno-2-octulosonate	C8H13O8	-1	Cytosol	C01187
kdo2lipid4	KDO(2)-lipid IV(A)	C84H148N2O37P2	-6	Extra-organism, Cytosol, Periplasm	C06025
kdo2lipid4L	KDO(2)-lipid IV(A) with laurate	C96H170N2O38P2	-6	Cytosol	C06251
kdo2lipid4p	KDO(2)-lipid IV(A) with palmitoleoyl	C100H176N2O38P2	-6	Cytosol	
kdo8p	3-Deoxy-D-manno-octulosonate 8-phosphate	C8H12O11P	-3	Cytosol	C04478
kdolipid4	KDO-lipid IV(A)	C76H137N2O30P2	-5	Cytosol	C06024
kphphhlipa	kdo-phospho-heptosyl-phospho-heptosyl-heptosyl-kdo2-lipidA	C139H241N2O70P4	-11	Cytosol	
lac_D	D-Lactate	C3H5O3	-1	Extra-organism, Cytosol, Periplasm	C00256
lac_L	L-Lactate	C3H5O3	-1	Extra-organism, Cytosol, Periplasm	C00186
LalaDglu	L-alanine-D-glutamate	C8H13N2O5	-1	Cytosol	
LalaDgluMdap	L-alanine-D-glutamate-meso-2,6-diaminoheptanedioate	C15H25N4O8	-1	Extra-organism, Cytosol, Periplasm	
LalaDgluMdapDala	L-alanine-D-glutamate-meso-2,6-diaminoheptanedioate-D-alanine	C18H30N5O9	-1	Extra-organism, Cytosol, Periplasm	
LalaLglu	L-alanine-L-glutamate	C8H13N2O5	-1	Cytosol	
lald_D	D-Lactaldehyde	C3H6O2	0	Cytosol	C00937
lald_L	L-Lactaldehyde	C3H6O2	0	Cytosol	C00424
lcts	Lactose	C12H22O11	0	Extra-organism, Cytosol, Periplasm	C00243
leu_L	L-Leucine	C6H13NO2	0	Extra-organism, Cytosol, Periplasm	C00123
leutrna	L-Leucyl-tRNA(Leu)	C6H12NOR	1	Cytosol	C02047
lgt_S	(R)-S-Lactoylglutathione	C13H20N3O8S	-1	Cytosol	C03451
lipa	KDO(2)-lipid (A)	C110H196N2O39P2	-6	Extra-organism, Cytosol, Periplasm	C06026
lipa_cold	cold adapted KDO(2)-lipid (A)	C114H202N2O39P2	-6	Extra-organism, Cytosol, Periplasm	
lipidA	2,3,2'3'-Tetrakis(beta-hydroxymyristoyl)-D-glucosaminyl-1,6-beta-D-glucosamine 1,4'-bisphosphate	C68H126N2O23P2	-4	Cytosol	
lipidAds	Lipid A Disaccharide	C68H127N2O20P	-2	Cytosol	C04932
lipidX	2,3-Bis(3-hydroxytetradecanoyl)-beta-D-glucosaminyl 1-phosphate	C34H64NO12P	-2	Cytosol	C04824
lys_L	L-Lysine	C6H15N2O2	1	Extra-organism, Cytosol, Periplasm	C00047
lystrna	L-Lysine-tRNA (Lys)	C6H14N2OR	2	Cytosol	C01931
lyx_L	L-Lyxose	C5H10O5	0	Extra-organism, Cytosol, Periplasm	C01508
M_acorn	N2-Acetyl-L-ornithine	C7H14N2O3	0	Cytosol	C00437
mal_D	D-Malate	C4H4O5	-2	Extra-organism, Cytosol, Periplasm	C00497
mal_L	L-Malate	C4H4O5	-2	Extra-organism, Cytosol, Periplasm	C00149
malACP	Malonyl-[acyl-carrier protein]	C14H22N2O10PRS	-2	Cytosol	C01209
malcoa	Malonyl-CoA	C24H33N7O19P3S	-5	Cytosol	C00083
malt	Maltose	C12H22O11	0	Extra-organism, Cytosol, Periplasm	C00208
malt6p	Maltose 6'-phosphate	C12H21O14P	-2	Cytosol	C02995
malthp	Maltoheptaose	C42H72O36	0	Cytosol	
malthx	Maltohexaose	C36H62O31	0	Extra-organism, Cytosol, Periplasm	C01936
maltpt	Maltopentaose	C30H52O26	0	Extra-organism, Cytosol, Periplasm	
malttr	Maltotriose	C18H32O16	0	Extra-organism, Cytosol, Periplasm	C01835
maltttr	Maltotetraose	C24H42O21	0	Extra-organism, Cytosol, Periplasm	C02052
man	D-Mannose	C6H12O6	0	Extra-organism, Cytosol, Periplasm	C00159
man1p	D-Mannose 1-phosphate	C6H11O9P	-2	Cytosol	C00636
man6p	D-Mannose 6-phosphate	C6H11O9P	-2	Extra-organism, Cytosol, Periplasm	C00275
man6pglyc	2(alpha-D-Mannosyl-6-phosphate)-D-glycerate	C9H14O12P	-3	Cytosol	C16699
mana	D-Mannonate	C6H11O7	-1	Cytosol	C00514
melib	Melibiose	C12H22O11	0	Extra-organism, Cytosol, Periplasm	C05402
mercppyr	Mercaptopyruvate	C3H3O3S	-1	Cytosol	C00957
met_D	D-Methionine	C5H10NO2S	0	Extra-organism, Cytosol, Periplasm	C00855
met_L	L-Methionine	C5H11NO2S	0	Extra-organism, Cytosol, Periplasm	C00073
methf	5,10-Methenyltetrahydrofolate	C20H20N7O6	-1	Cytosol	C00445
metsox_R_L	L-methionine-R-sulfoxide	C5H11NO3S	0	Extra-organism, Cytosol, Periplasm	C15998
metsox_S_L	L-Methionine Sulfoxide	C5H11NO3S	0	Extra-organism, Cytosol, Periplasm	C02989
mettrna	L-Methionyl-tRNA (Met)	C5H10NOSR	1	Cytosol	C02430
mg2	magnesium	Mg	2	Extra-organism, Cytosol, Periplasm	C00305
mi1p_D	1D-myo-Inositol 1-phosphate	C6H11O9P	-2	Cytosol	C01177
micit	methylisocitrate	C7H7O7	-3	Cytosol	C04593
mlthf	5,10-Methylenetetrahydrofolate	C20H21N7O6	-2	Cytosol	C00143
mmcoa_R	(R)-Methylmalonyl-CoA	C25H35N7O19P3S	-5	Cytosol	C01213
mmcoa_S	(S)-Methylmalonyl-CoA	C25H35N7O19P3S	-5	Cytosol	C00683
mmet	S-Methyl-L-methionine	C6H14NO2S	1	Extra-organism, Cytosol, Periplasm	C03172
mn2	Mn2+	Mn	2	Extra-organism, Cytosol, Periplasm	C00034
mnl1p	D-Mannitol 1-phosphate	C6H13O9P	-2	Cytosol	C00644
mobd	Molybdate	MoO4	-2	Extra-organism, Cytosol, Periplasm	C06232
mql8	Menaquinol 8	C51H74O2	0	Cytosol	C05819
mqn8	Menaquinone 8	C51H72O2	0	Cytosol	C00828
mso3	methanesulfonate	CH3O3S	-1	Extra-organism, Cytosol, Periplasm	C11145
mthgxl	Methylglyoxal	C3H4O2	0	Cytosol	C00546
myrsACP	Myristoyl-ACP (n-C14:0ACP)	C25H47N2O8PRS	-1	Cytosol	C05761
N1aspmd	N1-Acetylspermidine	C9H23N3O	2	Cytosol	C00612
n2o	Nitrous oxide	N2O	0	Extra-organism, Cytosol, Periplasm	C00887
n8aspmd	N8-Acetylspermidine	C9H23N3O	2	Cytosol	C01029
na1	Sodium	Na	1	Extra-organism, Cytosol, Periplasm	C01330
nac	Nicotinate	C6H4NO2	-1	Extra-organism, Cytosol, Periplasm	C00253
nad	Nicotinamide adenine dinucleotide	C21H26N7O14P2	-1	Cytosol	C00003
nadh	Nicotinamide adenine dinucleotide - reduced	C21H27N7O14P2	-2	Cytosol	C00004
nadp	Nicotinamide adenine dinucleotide phosphate	C21H25N7O17P3	-3	Cytosol	C00006
nadph	Nicotinamide adenine dinucleotide phosphate - reduced	C21H26N7O17P3	-4	Cytosol	C00005
ncam	Nicotinamide	C6H6N2O	0	Cytosol	C00153
nh4	Ammonium	H4N	1	Extra-organism, Cytosol, Periplasm	C01342
ni2	nickel	Ni	2	Extra-organism, Cytosol, Periplasm	C00291
nicrnt	Nicotinate D-ribonucleotide	C11H12NO9P	-2	Cytosol	C01185
nmn	NMN	C11H14N2O8P	-1	Extra-organism, Cytosol, Periplasm	C00455
Nmtrp	N-Methyltryptophan	C12H14N2O2	0	Cytosol	C02983
no	Nitric oxide	NO	0	Extra-organism, Cytosol, Periplasm	C00533
no2	Nitrite	NO2	-1	Extra-organism, Cytosol, Periplasm	C00088
no3	Nitrate	NO3	-1	Extra-organism, Cytosol, Periplasm	C00244
o16aund	O16 antigen undecaprenyl diphosphate	C89H145N1O32P2	-2	Cytosol, Periplasm	
o2	O2	O2	0	Extra-organism, Cytosol, Periplasm	C00007
o2s	Superoxide anion	O2	-1	Extra-organism, Cytosol, Periplasm	C00704
oaa	Oxaloacetate	C4H2O5	-2	Cytosol	C00036
oc2coa	trans-Oct-2-enoyl-CoA	C29H44N7O17P3S	-4	Cytosol	C05276
ocACP	Octanoyl-ACP (n-C8:0ACP)	C19H35N2O8PRS	-1	Cytosol	C05752
occoa	Octanoyl-CoA (n-C8:0CoA)	C29H46N7O17P3S	-4	Cytosol	C01944
ocdca	octadecanoate (n-C18:0)	C18H35O2	-1	Extra-organism, Cytosol, Periplasm	C01530
ocdcaACP	Octadecanoyl-ACP (n-C18:0ACP)	C29H55N2O8PRS	-1	Cytosol	C04088
ocdcea	octadecenoate (n-C18:1)	C18H33O2	-1	Extra-organism, Cytosol, Periplasm	C00712
octa	octanoate (n-C8:0)	C8H15O2	-1	Extra-organism, Cytosol, Periplasm	C06423
octdp	all-trans-Octaprenyl diphosphate	C40H65O7P2	-3	Cytosol	C04146
octeACP	cis-octadec-11-enoyl-[acyl-carrier protein] (n-C18:1)	C29H53N2O8PRS	-1	Cytosol	
od2coa	trans-Octadec-2-enoyl-CoA	C39H64N7O17P3S	-4	Cytosol	C16218
odecoa	Octadecenoyl-CoA (n-C18:1CoA)	C39H64N7O17P3S	-4	Cytosol	C00510
ohpb	2-Oxo-3-hydroxy-4-phosphobutanoate	C4H4O8P	-3	Cytosol	C06054
op4en	2-Oxopent-4-enoate	C5H5O3	-1	Cytosol	C00596
orn	Ornithine	C5H13N2O2	1	Extra-organism, Cytosol, Periplasm	C01602
orot	Orotate	C5H3N2O4	-1	Extra-organism, Cytosol, Periplasm	C00295
orot5p	Orotidine 5'-phosphate	C10H10N2O11P	-3	Cytosol	C01103
oxam	Oxamate	C2H2NO3	-1	Cytosol	C01444
oxur	Oxalureate	C3H3N2O4	-1	Cytosol	C00802
pa120	1,2-didodecanoyl-sn-glycerol 3-phosphate	C27H51O8P1	-2	Cytosol, Periplasm	C00416
pa140	1,2-ditetradecanoyl-sn-glycerol 3-phosphate	C31H59O8P1	-2	Cytosol, Periplasm	C00416
pa141	1,2-ditetradec-7-enoyl-sn-glycerol 3-phosphate	C31H55O8P1	-2	Cytosol, Periplasm	C00416
pa160	1,2-dihexadecanoyl-sn-glycerol 3-phosphate	C35H67O8P1	-2	Cytosol, Periplasm	C00416
pa161	1,2-dihexadec-9-enoyl-sn-glycerol 3-phosphate	C35H63O8P1	-2	Cytosol, Periplasm	C00416
pa180	1,2-dioctadecanoyl-sn-glycerol 3-phosphate	C39H75O8P1	-2	Cytosol, Periplasm	C00416
pa181	1,2-dioctadec-11-enoyl-sn-glycerol 3-phosphate	C39H71O8P1	-2	Cytosol, Periplasm	C00416
pac	Phenylacetic acid	C8H7O2	-1	Cytosol	C07086
pacald	Phenylacetaldehyde	C8H8O	0	Extra-organism, Cytosol, Periplasm	C00601
palmACP	Palmitoyl-ACP (n-C16:0ACP)	C27H51N2O8PRS	-1	Cytosol	C05764
pan4p	Pantetheine 4'-phosphate	C11H21N2O7PS	-2	Cytosol	C01134
pant_R	(R)-Pantoate	C6H11O4	-1	Cytosol	C00522
pap	Adenosine 3',5'-bisphosphate	C10H11N5O10P2	-4	Cytosol	C00054
paps	3'-Phosphoadenylyl sulfate	C10H11N5O13P2S	-4	Cytosol	C00053
pdx5p	Pyridoxine 5'-phosphate	C8H10NO6P	-2	Cytosol	C00627
pe120	phosphatidylethanolamine (didodecanoyl, n-C12:0)	C29H58N1O8P1	0	Cytosol, Periplasm	C00350
pe140	phosphatidylethanolamine (ditetradecanoyl, n-C14:0)	C33H66N1O8P1	0	Cytosol, Periplasm	C00350
pe141	phosphatidylethanolamine (ditetradec-7-enoyl, n-C14:1)	C33H62N1O8P1	0	Cytosol, Periplasm	C00350
pe160	phosphatidylethanolamine (dihexadecanoyl, n-C16:0)	C37H74N1O8P1	0	Cytosol, Periplasm	C00350
pe161	phosphatidylethanolamine (dihexadec-9enoyl, n-C16:1)	C37H70N1O8P1	0	Cytosol, Periplasm	C00350
pe180	phosphatidylethanolamine (dioctadecanoyl, n-C18:0)	C41H82N1O8P1	0	Cytosol, Periplasm	C00350
pe181	phosphatidylethanolamine (dioctadec-11-enoyl, n-C18:1)	C41H78N1O8P1	0	Cytosol, Periplasm	C00350
pep	Phosphoenolpyruvate	C3H2O6P	-3	Cytosol	C00074
pg120	Phosphatidylglycerol (didodecanoyl, n-C12:0)	C30H58O10P1	-1	Cytosol, Periplasm	C00344
pg140	Phosphatidylglycerol (ditetradecanoyl, n-C14:0)	C34H66O10P1	-1	Cytosol, Periplasm	C00344
pg141	Phosphatidylglycerol (ditetradec-7-enoyl, n-C14:1)	C34H62O10P1	-1	Cytosol, Periplasm	C00344
pg160	Phosphatidylglycerol (dihexadecanoyl, n-C16:0)	C38H74O10P1	-1	Cytosol, Periplasm	C00344
pg161	Phosphatidylglycerol (dihexadec-9-enoyl, n-C16:1)	C38H70O10P1	-1	Cytosol, Periplasm	C00344
pg180	Phosphatidylglycerol (dioctadecanoyl, n-C18:0)	C42H82O10P1	-1	Cytosol, Periplasm	C00344
pg181	Phosphatidylglycerol (dioctadec-11-enoyl, n-C18:1)	C42H78O10P1	-1	Cytosol, Periplasm	C00344
pgp120	Phosphatidylglycerophosphate (didodecanoyl, n-C12:0)	C30H57O13P2	-3	Cytosol, Periplasm	C03892
pgp140	Phosphatidylglycerophosphate (ditetradecanoyl, n-C14:0)	C34H65O13P2	-3	Cytosol, Periplasm	C03892
pgp141	Phosphatidylglycerophosphate (ditetradec-7-enoyl, n-C14:1)	C34H61O13P2	-3	Cytosol, Periplasm	C03892
pgp160	Phosphatidylglycerophosphate (dihexadecanoyl, n-C16:0)	C38H73O13P2	-3	Cytosol, Periplasm	C03892
pgp161	Phosphatidylglycerophosphate (dihexadec-9-enoyl, n-C16:1)	C38H69O13P2	-3	Cytosol, Periplasm	C03892
pgp180	Phosphatidylglycerophosphate (dioctadecanoyl, n-C18:0)	C42H81O13P2	-3	Cytosol, Periplasm	C03892
pgp181	Phosphatidylglycerophosphate (dioctadec-11-enoyl, n-C18:1)	C42H77O13P2	-3	Cytosol, Periplasm	C03892
phaccoa	Phenylacetyl-CoA	C29H38N7O17P3S	-4	Cytosol	C00582
phe_L	L-Phenylalanine	C9H11NO2	0	Extra-organism, Cytosol, Periplasm	C00079
pheme	Protoheme	C34H30FeN4O4	-2	Extra-organism, Cytosol, Periplasm	C00032
phetrna	L-Phenylalanyl-tRNA(Phe)	C9H10NOR	1	Cytosol	C03511
phhlipa	phospho-heptosyl-heptosyl-kdo2-lipidA	C124H219N2O54P3	-8	Cytosol	
phom	O-Phospho-L-homoserine	C4H8NO6P	-2	Cytosol	C01102
phphhlipa	phospho-heptosyl-phospho-heptosyl-heptosyl-kdo2-lipidA	C131H230N2O63P4	-10	Cytosol	
phpyr	Phenylpyruvate	C9H7O3	-1	Cytosol	C00166
phthr	O-Phospho-4-hydroxy-L-threonine	C4H8NO7P	-2	Cytosol	C06055
pi	Phosphate	HO4P	-2	Extra-organism, Cytosol, Periplasm	C00009
pimACP	Pimeloyl-[acyl-carrier protein]	C18H31N2O10PRS	-1	Cytosol	C19845
pmcoa	Pimeloyl-CoA	C28H41N7O19P3S	-5	Cytosol	C01063
pmtcoa	Palmitoyl-CoA (n-C16:0CoA)	C37H62N7O17P3S	-4	Cytosol	C00154
pnto_R	(R)-Pantothenate	C9H16NO5	-1	Extra-organism, Cytosol, Periplasm	C00864
ppa	Propionate (n-C3:0)	C3H5O2	-1	Extra-organism, Cytosol, Periplasm	C00163
ppal	Propanal	C3H6O	0	Extra-organism, Cytosol, Periplasm	C00479
ppap	Propanoyl phosphate	C3H5O5P	-2	Cytosol	C02876
ppbng	Porphobilinogen	C10H13N2O4	-1	Cytosol	C00931
ppcoa	Propanoyl-CoA	C24H36N7O17P3S	-4	Cytosol	C00100
ppgpp	Guanosine 3',5'-bis(diphosphate)	C10H11N5O17P4	-6	Cytosol	C01228
pphn	Prephenate	C10H8O6	-2	Cytosol	C00254
ppi	Diphosphate	HO7P2	-3	Cytosol	C00013
ppp9	Protoporphyrin	C34H32N4O4	-2	Cytosol	C02191
pppg9	Protoporphyrinogen IX	C34H38N4O4	-2	Cytosol	C01079
pppi	Inorganic triphosphate	HO10P3	-4	Cytosol	C00536
pppn	Phenylpropanoate	C9H9O2	-1	Extra-organism, Cytosol, Periplasm	C05629
pram	5-Phospho-beta-D-ribosylamine	C5H11NO7P	-1	Cytosol	C03090
pran	N-(5-Phospho-D-ribosyl)anthranilate	C12H13NO9P	-3	Cytosol	C04302
prbamp	1-(5-Phosphoribosyl)-AMP	C15H19N5O14P2	-4	Cytosol	C02741
prbatp	1-(5-Phosphoribosyl)-ATP	C15H19N5O20P4	-6	Cytosol	C02739
prfp	1-(5-Phosphoribosyl)-5-[(5-phosphoribosylamino)methylideneamino]imidazole-4-carboxamide	C15H21N5O15P2	-4	Cytosol	C04896
prlp	5-[(5-phospho-1-deoxyribulos-1-ylamino)methylideneamino]-1-(5-phosphoribosyl)imidazole-4-carboxamide	C15H21N5O15P2	-4	Cytosol	C04916
pro_L	L-Proline	C5H9NO2	0	Extra-organism, Cytosol, Periplasm	C00148
progly	L-Prolinylglycine	C7H12N2O3	0	Extra-organism, Cytosol, Periplasm	
protrna	L-Prolyl-tRNA(Pro)	C5H8NOR	1	Cytosol	C02702
prpp	5-Phospho-alpha-D-ribose 1-diphosphate	C5H8O14P3	-5	Cytosol	C00119
ps120	phosphatidylserine (didodecanoyl, n-C12:0)	C30H57N1O10P1	-1	Cytosol	C02737
ps140	phosphatidylserine (ditetradecanoyl, n-C14:0)	C34H65N1O10P1	-1	Cytosol	C02737
ps141	phosphatidylserine (ditetradec-7-enoyl, n-C14:1)	C34H61N1O10P1	-1	Cytosol	C02737
ps160	phosphatidylserine (dihexadecanoyl, n-C16:0)	C38H73N1O10P1	-1	Cytosol	C02737
ps161	phosphatidylserine (dihexadec-9-enoyl, n-C16:1)	C38H69N1O10P1	-1	Cytosol	C02737
ps180	phosphatidylserine (dioctadecanoyl, n-C18:0)	C42H81N1O10P1	-1	Cytosol	C02737
ps181	phosphatidylserine (dioctadec-11-enoyl, n-C18:1)	C42H77N1O10P1	-1	Cytosol	C02737
psclys	psicoselysine	C12H25N2O7	1	Extra-organism, Cytosol, Periplasm	
pser_L	O-Phospho-L-serine	C3H6NO6P	-2	Extra-organism, Cytosol, Periplasm	C01005
ptrc	Putrescine	C4H14N2	2	Extra-organism, Cytosol, Periplasm	C00134
pyam5p	Pyridoxamine 5'-phosphate	C8H12N2O5P	-1	Cytosol	C00647
pydam	Pyridoxamine	C8H13N2O2	1	Cytosol	C00534
pydx	Pyridoxal	C8H9NO3	0	Cytosol	C00250
pydx5p	Pyridoxal 5'-phosphate	C8H8NO6P	-2	Cytosol	C00018
pydxn	Pyridoxine	C8H11NO3	0	Cytosol	C00314
pyr	Pyruvate	C3H3O3	-1	Extra-organism, Cytosol, Periplasm	C00022
q8	Ubiquinone-8	C49H74O4	0	Cytosol	C00399
q8h2	Ubiquinol-8	C49H76O4	0	Cytosol	C00390
quin	Quinate	C7H12O6	0	Cytosol	C00296
quln	Quinolinate	C7H3NO4	-2	Cytosol	C03722
r15bp	D-Ribose 1,5-bisphosphate	C5H8O11P2	-4	Cytosol	C01151
r1p	alpha-D-Ribose 1-phosphate	C5H9O8P	-2	Cytosol	C00620
r5p	alpha-D-Ribose 5-phosphate	C5H9O8P	-2	Extra-organism, Cytosol, Periplasm	C00117
ragund	rhamanosyl-N-acetylglucosamyl-undecaprenyl diphosphate	C69H113N1O16P2	-2	Cytosol	
rbflvrd	Reduced riboflavin	C17H22N4O6	0	Cytosol	C01007
rbl_L	L-Ribulose	C5H10O5	0	Cytosol	C00508
rdmbzi	N1-(alpha-D-ribosyl)-5,6-dimethylbenzimidazole	C14H18N2O4	0	Cytosol	C05775
rhcys	S-Ribosyl-L-homocysteine	C9H17NO6S	0	Cytosol	C03539
rib_D	D-Ribose	C5H10O5	0	Extra-organism, Cytosol, Periplasm	C00121
ribflv	Riboflavin	C17H20N4O6	0	Cytosol	C00255
rml	L-Rhamnulose	C6H12O5	0	Cytosol	C00861
rml1p	L-Rhamnulose 1-phosphate	C6H11O8P	-2	Cytosol	C01131
rmn	L-Rhamnose	C6H12O5	0	Extra-organism, Cytosol, Periplasm	C00507
ru5p_D	D-Ribulose 5-phosphate	C5H9O8P	-2	Cytosol	C00199
ru5p_L	L-Ribulose 5-phosphate	C5H9O8P	-2	Cytosol	C01101
s	Sulfur	S	0	Cytosol	C00087
s7p	Sedoheptulose 7-phosphate	C7H13O10P	-2	Cytosol	C05382
sarcs	Sarcosine	C3H7NO2	0	Cytosol	C00213
sbt6p	D-Sorbitol 6-phosphate	C6H13O9P	-2	Cytosol	C01096
sbzcoa	O-Succinylbenzoyl-CoA	C32H39N7O20P3S	-5	Cytosol	C03160
scl	sirohydrochlorin	C42H39N4O16	-7	Cytosol	C05778
sectrna	L-Selenocysteinyl-tRNA(Sec)	C3H6NOSeR	1	Cytosol	C06482
seln	Selenide	HSe	-1	Cytosol	C01528
selnp	Selenophosphate	H2O3PSe	-1	Cytosol	C05172
ser_D	D-Serine	C3H7NO3	0	Extra-organism, Cytosol, Periplasm	C00740
ser_L	L-Serine	C3H7NO3	0	Extra-organism, Cytosol, Periplasm	C00065
seramp	L-seryl-AMP	C13H19N6O9P	0	Cytosol	C05820
sertrna	L-Seryl-tRNA(Ser)	C3H6NO2R	1	Cytosol	C02553
sertrna(sec)	L-Seryl-tRNA(Sec)	C3H6NO2R	1	Cytosol	C06481
Sfglutth	S-Formylglutathione	C11H16N3O7S	-1	Cytosol	C01031
sheme	Siroheme	C42H36FeN4O16	-8	Cytosol	C00748
skm	Shikimate	C7H9O5	-1	Extra-organism, Cytosol, Periplasm	C00493
skm5p	Shikimate 5-phosphate	C7H8O8P	-3	Cytosol	C03175
sl26da	N-Succinyl-LL-2,6-diaminoheptanedioate	C11H16N2O7	-2	Cytosol	C04421
sl2a6o	N-Succinyl-2-L-amino-6-oxoheptanedioate	C11H12NO8	-3	Cytosol	C04462
so2	sulfur dioxide	O2S	0	Extra-organism, Cytosol, Periplasm	C09306
so3	Sulfite	O3S	-2	Extra-organism, Cytosol, Periplasm	C00094
so4	Sulfate	O4S	-2	Extra-organism, Cytosol, Periplasm	C00059
spmd	Spermidine	C7H22N3	3	Extra-organism, Cytosol, Periplasm	C00315
ssaltpp	Succinate semialdehyde-thiamin diphosphate anion	C16H21N4O10P2S	-3	Cytosol	C05816
stcoa	Stearoyl-CoA (n-C18:0CoA)	C39H66N7O17P3S	-4	Cytosol	C00412
suc6p	Sucrose 6-phosphate	C12H21O14P	-2	Cytosol	C02591
sucarg	N2-Succinyl-L-arginine	C10H17N4O5	-1	Cytosol	C03296
sucbz	o-Succinylbenzoate	C11H8O5	-2	Cytosol	C02730
succ	Succinate	C4H4O4	-2	Extra-organism, Cytosol, Periplasm	C00042
succoa	Succinyl-CoA	C25H35N7O19P3S	-5	Cytosol	C00091
sucglu	N2-Succinyl-L-glutamate	C9H10NO7	-3	Cytosol	C05931
sucgsa	N2-Succinyl-L-glutamate 5-semialdehyde	C9H11NO6	-2	Cytosol	C05932
suchms	O-Succinyl-L-homoserine	C8H12NO6	-1	Cytosol	C01118
sucorn	N2-Succinyl-L-ornithine	C9H15N2O5	-1	Cytosol	C03415
sucsal	Succinic semialdehyde	C4H5O3	-1	Cytosol	C00232
sulfac	sulfoacetate	C2H2O5S	-2	Extra-organism, Cytosol, Periplasm	C14179
t3c11vaceACP	trans-3-cis-11-vacceoyl-[acyl-carrier protein]	C29H51N2O8PRS	-1	Cytosol	
t3c5ddeceACP	trans-3-cis-5-dodecenoyl-[acyl-carrier protein]	C23H39N2O8PRS	-1	Cytosol	
t3c7mrseACP	trans-3-cis-7-myristoleoyl-[acyl-carrier protein]	C25H43N2O8PRS	-1	Cytosol	
t3c9palmeACP	trans-3-cis-9-palmitoleoyl-[acyl-carrier protein]	C27H47N2O8PRS	-1	Cytosol	
tag6p_D	D-Tagatose 6-phosphate	C6H11O9P	-2	Cytosol	C01097
tagdp_D	D-Tagatose 1,6-biphosphate	C6H10O12P2	-4	Cytosol	C03785
tagur	D-Tagaturonate	C6H9O7	-1	Cytosol	C00558
tartr_L	L-tartrate	C4H4O6	-2	Extra-organism, Cytosol, Periplasm	C00898
taur	Taurine	C2H7NO3S	0	Extra-organism, Cytosol, Periplasm	C00245
tcynt	Thiocyanate	CNS	-1	Extra-organism, Cytosol, Periplasm	C01755
td2coa	trans-Tetradec-2-enoyl-CoA	C35H56N7O17P3S	-4	Cytosol	C05273
tdcoa	Tetradecanoyl-CoA (n-C14:0CoA)	C35H58N7O17P3S	-4	Cytosol	C02593
tddec2eACP	trans-Dodec-2-enoyl-[acyl-carrier protein]	C23H41N2O8PRS	-1	Cytosol	C05758
tdeACP	cis-tetradec-7-enoyl-[acyl-carrier protein] (n-C14:1)	C25H45N2O8PRS	-1	Cytosol	
tdec2eACP	trans-Dec-2-enoyl-[acyl-carrier protein]	C21H37N2O8PRS	-1	Cytosol	C05754
tdecoa	Tetradecenoyl-CoA (n-C14:1CoA)	C35H56N7O17P3S	-4	Cytosol	C06737
thdp	2,3,4,5-Tetrahydrodipicolinate	C7H7NO4	-2	Cytosol	C03972
thex2eACP	trans-Hex-2-enoyl-[acyl-carrier protein]	C17H29N2O8PRS	-1	Cytosol	C05748
thf	5,6,7,8-Tetrahydrofolate	C19H21N7O6	-2	Cytosol	C00101
thm	Thiamin	C12H17N4OS	1	Extra-organism, Cytosol, Periplasm	C00378
thmmp	Thiamin monophosphate	C12H16N4O4PS	-1	Cytosol	C01081
thmpp	Thiamine diphosphate	C12H16N4O7P2S	-2	Cytosol	C00068
thr_L	L-Threonine	C4H9NO3	0	Extra-organism, Cytosol, Periplasm	C00188
thrtrna	L-Threonyl-tRNA(Thr)	C4H8NO2R	1	Cytosol	C02992
thym	Thymine	C5H6N2O2	0	Extra-organism, Cytosol, Periplasm	C00178
thymd	Thymidine	C10H14N2O5	0	Extra-organism, Cytosol, Periplasm	C00214
tma	trimethylamine	C3H10N	1	Extra-organism, Cytosol, Periplasm	C00565
tmao	Trimethylamine N-oxide	C3H9NO	0	Extra-organism, Cytosol, Periplasm	C01104
tmrs2eACP	trans-Tetradec-2-enoyl-[acyl-carrier protein]	C25H45N2O8PRS	-1	Cytosol	C05760
toct2eACP	trans-Oct-2-enoyl-[acyl-carrier protein]	C19H33N2O8PRS	-1	Cytosol	C05751
toctd2eACP	trans-octadec-2-enoyl-[acyl-carrier protein]	C29H53N2O8PRS	-1	Cytosol	C16221
tpalm2eACP	trans-Hexadec-2-enoyl-[acyl-carrier protein]	C27H49N2O8PRS	-1	Cytosol	C05763
trdox	Oxidized thioredoxin	X	0	Cytosol	C00343
trdrd	Reduced thioredoxin	XH2	0	Cytosol	C00342
tre	Trehalose	C12H22O11	0	Extra-organism, Cytosol, Periplasm	C01083
tre6p	alpha,alpha'-Trehalose 6-phosphate	C12H21O14P	-2	Cytosol	C00689
trnaala	tRNA(Ala)	R	0	Cytosol	C01635
trnaarg	tRNA(Arg)	R	0	Cytosol	C01636
trnaasn	tRNA(Asn)	C10H17O10PR2	0	Cytosol	C01637
trnaasp	tRNA(Asp)	R	0	Cytosol	C01638
trnacys	tRNA(Cys)	R	0	Cytosol	C01639
trnagln	tRNA(Gln)	R	0	Cytosol	C01640
trnaglu	tRNA (Glu)	R	0	Cytosol	C01641
trnagly	tRNA(Gly)	R	0	Cytosol	C01642
trnahis	tRNA(His)	R	0	Cytosol	C01643
trnaile	tRNA(Ile)	R	0	Cytosol	C01644
trnaleu	tRNA(Leu)	R	0	Cytosol	C01645
trnalys	tRNA(Lys)	R	0	Cytosol	C01646
trnamet	tRNA(Met)	R	0	Cytosol	C01647
trnaphe	tRNA(Phe)	R	0	Cytosol	C01648
trnapro	tRNA(Pro)	R	0	Cytosol	C01649
trnasecys	tRNA(SeCys)	R	0	Cytosol	
trnaser	tRNA(Ser)	R	0	Cytosol	C01650
trnathr	tRNA(Thr)	R	0	Cytosol	C01651
trnatrp	tRNA(Trp)	R	0	Cytosol	C01652
trnatyr	tRNA(Tyr)	R	0	Cytosol	C00787
trnaval	tRNA(Val)	R	0	Cytosol	C01653
trp_L	L-Tryptophan	C11H12N2O2	0	Extra-organism, Cytosol, Periplasm	C00078
trptrna	L-Tryptophanyl-tRNA(Trp)	C11H11N2OR	1	Cytosol	C03512
tsul	Thiosulfate	O3S2	-2	Extra-organism, Cytosol, Periplasm	C00320
ttdca	tetradecanoate (n-C14:0)	C14H27O2	-1	Extra-organism, Cytosol, Periplasm	C06424
ttdcea	tetradecenoate (n-C14:1)	C14H25O2	-1	Extra-organism, Cytosol, Periplasm	C08322
tungs	tungstate	O4W1	-2	Extra-organism, Cytosol, Periplasm	
tyr_L	L-Tyrosine	C9H11NO3	0	Extra-organism, Cytosol, Periplasm	C00082
tyrtrna	L-Tyrosyl-tRNA(Tyr)	C9H10NO2R	1	Cytosol	C02839
u23ga	UDP-2,3-bis(3-hydroxytetradecanoyl)glucosamine	C43H75N3O20P2	-2	Cytosol	C04652
u3aga	UDP-3-O-(3-hydroxytetradecanoyl)-N-acetylglucosamine	C31H51N3O19P2	-2	Cytosol	C04738
u3hga	UDP-3-O-(3-hydroxytetradecanoyl)-D-glucosamine	C29H50N3O18P2	-1	Cytosol	C06022
uaagmda	Undecaprenyl-diphospho-N-acetylmuramoyl-(N-acetylglucosamine)-L-ala-D-glu-meso-2,6-diaminopimeloyl-D-ala-D-ala	C95H152N8O28P2	-4	Cytosol	C05898
uaccg	UDP-N-acetyl-3-O-(1-carboxyvinyl)-D-glucosamine	C20H26N3O19P2	-3	Cytosol	C04631
uacgam	UDP-N-acetyl-D-glucosamine	C17H25N3O17P2	-2	Extra-organism, Cytosol, Periplasm	C00043
uacmam	UDP-N-acetyl-D-mannosamine	C17H25N3O17P2	-2	Cytosol	C01170
uacmamu	UDP-N-acetyl-D-mannosaminouronate	C17H22N3O18P2	-3	Cytosol	C06240
uagmda	Undecaprenyl-diphospho-N-acetylmuramoyl-L-alanyl-D-glutamyl-meso-2,6-diaminopimeloyl-D-alanyl-D-alanine	C87H139N7O23P2	-4	Cytosol	C05897
uama	UDP-N-acetylmuramoyl-L-alanine	C23H33N4O20P2	-3	Cytosol	C01212
uamag	UDP-N-acetylmuramoyl-L-alanyl-D-glutamate	C28H39N5O23P2	-4	Cytosol	C00692
uamr	UDP-N-acetylmuramate	C20H28N3O19P2	-3	Cytosol	C01050
udcpdp	Undecaprenyl diphosphate	C55H89O7P2	-3	Cytosol, Periplasm	C04574
udcpp	Undecaprenyl phosphate	C55H89O4P	-2	Cytosol, Periplasm	C00348
udp	UDP	C9H11N2O12P2	-3	Cytosol	C00015
udpg	UDPglucose	C15H22N2O17P2	-2	Extra-organism, Cytosol, Periplasm	C00029
udpgal	UDPgalactose	C15H22N2O17P2	-2	Extra-organism, Cytosol, Periplasm	C00052
udpgalfur	UDP-D-galacto-1,4-furanose	C15H22N2O17P2	-2	Cytosol	C03733
udpglcur	UDP-D-glucuronate	C15H19N2O18P2	-3	Extra-organism, Cytosol, Periplasm	C00167
udpLa4fn	uridine 5''-diphospho-{beta}-4-deoxy-4-formamido-L-arabinose	C15H21N3O16P2	-2	Cytosol	C16154
udpLa4n	uridine 5''-diphospho-{beta}-4-deoxy-4-amino-L-arabinose	C14H22N3O15P2	-1	Cytosol	C16153
udpLa4o	UDP-4-keto-pyranose	C14H18N2O16P2	-2	Cytosol	C16155
ugmd	UDP-N-acetylmuramoyl-L-alanyl-D-gamma-glutamyl-meso-2,6-diaminopimelate	C35H51N7O26P2	-4	Cytosol	C04877
ugmda	UDP-N-acetylmuramoyl-L-alanyl-D-glutamyl-meso-2,6-diaminopimeloyl-D-alanyl-D-alanine	C41H61N9O28P2	-4	Cytosol	C04882
uLa4fn	undecaprenyl phosphate-4-amino-4-formyl-L-arabinose	C61H99N1O8P1	-1	Cytosol	
uLa4n	undecaprenyl phosphate-4-amino-4-deoxy-L-arabinose	C60H100N1O7P1	0	Cytosol, Periplasm	
um4p	UDP-N-acetylmuramoyl-L-alanyl-D-gamma-glutamyl-meso-2,6-diaminopimelate-D-alanine	C38H56N8O27P2	-4	Cytosol	C04804
ump	UMP	C9H11N2O9P	-2	Extra-organism, Cytosol, Periplasm	C00105
unaga	Undecaprenyl diphospho N-acetyl-glucosamine	C63H103NO12P2	-2	Cytosol	C01289
unagamu	Undecaprenyl-diphospho-N-acetylglucosamine-N-acetylmannosaminuronate	C71H113N2O18P2	-3	Cytosol	
unagamuf	Undecaprenyl-diphospho N-acetylglucosamine-N-acetylmannosaminuronate-N-acetamido-4,6-dideoxy-D-galactose	C79H126N3O22P2	-3	Cytosol, Periplasm	
uppg3	Uroporphyrinogen III	C40H36N4O16	-8	Cytosol	C01051
ura	Uracil	C4H4N2O2	0	Extra-organism, Cytosol, Periplasm	C00106
urate	Urate	C5H4N4O3	0	Cytosol	C00366
urdglyc	(-)-Ureidoglycolate	C3H5N2O4	-1	Cytosol	C00603
urea	Urea	CH4N2O	0	Extra-organism, Cytosol, Periplasm	C00086
uri	Uridine	C9H12N2O6	0	Extra-organism, Cytosol, Periplasm	C00299
utp	UTP	C9H11N2O15P3	-4	Cytosol	C00075
val_L	L-Valine	C5H11NO2	0	Extra-organism, Cytosol, Periplasm	C00183
valtrna	L-Valyl-tRNA(Val)	C5H10NOR	1	Cytosol	C02554
xan	Xanthine	C5H4N4O2	0	Extra-organism, Cytosol, Periplasm	C00385
xdp	XDP	C10H11N4O12P2	-3	Cytosol	C01337
xmp	Xanthosine 5'-phosphate	C10H11N4O9P	-2	Extra-organism, Cytosol, Periplasm	C00655
xtp	XTP	C10H11N4O15P3	-4	Cytosol	C00700
xtsn	Xanthosine	C10H12N4O6	0	Extra-organism, Cytosol, Periplasm	C01762
xu5p_D	D-Xylulose 5-phosphate	C5H9O8P	-2	Cytosol	C00231
xu5p_L	L-Xylulose 5-phosphate	C5H9O8P	-2	Cytosol	C03291
xyl_D	D-Xylose	C5H10O5	0	Extra-organism, Cytosol, Periplasm	C00181
xylu_D	D-Xylulose	C5H10O5	0	Cytosol	C00310
xylu_L	L-Xylulose	C5H10O5	0	Extra-organism, Cytosol, Periplasm	C00312
zn2	Zinc	Zn	2	Extra-organism, Cytosol, Periplasm	C00038
